id,message,priority_label,disaster_type,injured,trapped,fire,medical_emergency,people_affected,event_id,source_type,annotation_reason,language,split
rpv2-00126,Need assistance — Can someone help? the earthquake badly damaged the building and occupants must evacuate. near the school. No further details yet.,HIGH,earthquake,0,0,0,0,15,v2_earthquake_earthquake_high_evacuation,controlled_synthetic_v2,V2 mixed-disaster scenario family earthquake_high_evacuation; label reflects contextual rescue urgency.,en,test
rpv2-00420,Caller says: A chemical leak made the plant unsafe and workers need urgent evacuation. near the school. Please advise.,HIGH,industrial,0,0,0,1,30,v2_industrial_industrial_high_spill,controlled_synthetic_v2,V2 mixed-disaster scenario family industrial_high_spill; label reflects contextual rescue urgency.,en,train
rpv2-00688,Report from resident: Third-party report: An unconscious person is in the damaged shelter after the tornado. near the school. No further details yet.,CRITICAL,tornado,1,0,0,1,1,v2_tornado_tornado_critical_unconscious,controlled_synthetic_v2,V2 mixed-disaster scenario family tornado_critical_unconscious; label reflects contextual rescue urgency.,en,train
rpv2-00471,Field note: This is an industrial accident news report; no emergency is happening here. pls. on the east side.,LOW,industrial,0,0,0,0,0,v2_industrial_industrial_low_news,controlled_synthetic_v2,V2 mixed-disaster scenario family industrial_low_news; label reflects contextual rescue urgency.,en,train
rpv2-00187,"Please help, The earthquake preparedness drill is complete; this is not an emergency. on the east side. Please advise.",LOW,earthquake,0,0,0,0,0,v2_earthquake_earthquake_low_drill,controlled_synthetic_v2,V2 mixed-disaster scenario family earthquake_low_drill; label reflects contextual rescue urgency.,en,train
rpv2-00928,Report from resident: Third-party report: A small fire damaged an empty shed and is being contained. at the apartment block.,MEDIUM,wildfire,0,0,1,0,2,v2_wildfire_wildfire_medium_shed,controlled_synthetic_v2,V2 mixed-disaster scenario family wildfire_medium_shed; label reflects contextual rescue urgency.,en,train
rpv2-00589,Update: A person is bleeding severely and unconscious after the attack. Please send someone. near the school.,CRITICAL,societal,1,0,0,1,1,v2_societal_societal_critical_bleeding,controlled_synthetic_v2,V2 mixed-disaster scenario family societal_critical_bleeding; label reflects contextual rescue urgency.,en,test
rpv2-00392,Report from resident: Third-party report: An active fire has workers trapped inside the plant; send rescue immediately. by the river. We need the appropriate response.,CRITICAL,industrial,0,1,1,0,7,v2_industrial_industrial_critical_trapped,controlled_synthetic_v2,V2 mixed-disaster scenario family industrial_critical_trapped; label reflects contextual rescue urgency.,en,validation
rpv2-00178,"SOS: A small earthquake was felt, but nothing fell while no response is needed. on the east side.",LOW,earthquake,0,0,0,0,1,v2_earthquake_earthquake_low_shake,controlled_synthetic_v2,V2 mixed-disaster scenario family earthquake_low_shake; label reflects contextual rescue urgency.,en,train
rpv2-00742,"Need assistance — Can someone help? debris blocks the road after the tornado, but nobody is injured or trapped. on the east side.",MEDIUM,tornado,0,0,0,0,4,v2_tornado_tornado_medium_debris,controlled_synthetic_v2,V2 mixed-disaster scenario family tornado_medium_debris; label reflects contextual rescue urgency.,en,validation
rpv2-00777,A passenger is bleeding severely after the collision and is losing consciousness. near the school. We need the appropriate response.,CRITICAL,transportation,1,0,0,1,1,v2_transportation_transport_critical_bleeding,controlled_synthetic_v2,V2 mixed-disaster scenario family transport_critical_bleeding; label reflects contextual rescue urgency.,en,test
rpv2-00094,Need assistance — Can someone help? the public-health exercise ended safely and all participants are accounted for. near the market. We need the appropriate response.,LOW,biological,0,0,0,0,25,v2_biological_biological_low_drill,controlled_synthetic_v2,V2 mixed-disaster scenario family biological_low_drill; label reflects contextual rescue urgency.,en,validation
rpv2-00896,Report from resident: Third-party report: Wildfire is approaching homes and an organized evacuation is required. near the market. We need the appropriate response.,HIGH,wildfire,0,0,1,0,35,v2_wildfire_wildfire_high_front,controlled_synthetic_v2,V2 mixed-disaster scenario family wildfire_high_front; label reflects contextual rescue urgency.,en,validation
rpv2-00367,"Field note: The hurricane forecast is being discussed, but our area is unaffected and safe. pls. at the apartment block. No further details yet.",LOW,hurricane,0,0,0,0,0,v2_hurricane_hurricane_low_forecast,controlled_synthetic_v2,V2 mixed-disaster scenario family hurricane_low_forecast; label reflects contextual rescue urgency.,en,train
rpv2-00104,Report from resident: Third-party report: The building collapsed and people are trapped under debris; send rescue now. near the market. No further details yet.,CRITICAL,earthquake,1,1,0,1,8,v2_earthquake_earthquake_critical_collapse,controlled_synthetic_v2,V2 mixed-disaster scenario family earthquake_critical_collapse; label reflects contextual rescue urgency.,en,train
rpv2-00782,Need assistance — Can someone help? a passenger is bleeding severely after the collision and is losing consciousness. along the main road. This is the current update.,CRITICAL,transportation,1,0,0,1,1,v2_transportation_transport_critical_bleeding,controlled_synthetic_v2,V2 mixed-disaster scenario family transport_critical_bleeding; label reflects contextual rescue urgency.,en,test
rpv2-00677,Update: People are trapped under tornado debris and cannot escape without rescue. Please send someone. along the main road. We need the appropriate response.,CRITICAL,tornado,1,1,0,1,6,v2_tornado_tornado_critical_debris,controlled_synthetic_v2,V2 mixed-disaster scenario family tornado_critical_debris; label reflects contextual rescue urgency.,en,validation
rpv2-00523,"Please help, A serious injury requires urgent response; the person is conscious and stable. on the east side.",HIGH,other,1,0,0,1,1,v2_other_other_high_injury,controlled_synthetic_v2,V2 mixed-disaster scenario family other_high_injury; label reflects contextual rescue urgency.,en,train
rpv2-00015,Field note: A patient is struggling to breathee and needs immediate medical rescue. near the market. No further details yet.,CRITICAL,biological,1,0,0,1,1,v2_biological_biological_critical_breathing,controlled_synthetic_v2,V2 mixed-disaster scenario family biological_critical_breathing; label reflects contextual rescue urgency.,en,test
rpv2-00883,"Please help, The fire blocked both exits and a family cannot escape. on the east side. This is the current update.",CRITICAL,wildfire,0,1,1,0,4,v2_wildfire_wildfire_critical_escape,controlled_synthetic_v2,V2 mixed-disaster scenario family wildfire_critical_escape; label reflects contextual rescue urgency.,en,train
rpv2-00788,Caller says: An active vehicle fire has residents trapped inside. at the apartment block. We need the appropriate response.,CRITICAL,transportation,0,1,1,0,5,v2_transportation_transport_critical_fire,controlled_synthetic_v2,V2 mixed-disaster scenario family transport_critical_fire; label reflects contextual rescue urgency.,en,test
rpv2-00566,Need assistance — Can someone help? i am sharing information about an unusual event; there is no emergency here. at the apartment block. We need the appropriate response.,LOW,other,0,0,0,0,0,v2_other_other_low_news,controlled_synthetic_v2,V2 mixed-disaster scenario family other_low_news; label reflects contextual rescue urgency.,en,train
rpv2-00740,"Caller says: Debris blocks the road after the tornado, but nobody is injured or trapped. on the east side.",MEDIUM,tornado,0,0,0,0,4,v2_tornado_tornado_medium_debris,controlled_synthetic_v2,V2 mixed-disaster scenario family tornado_medium_debris; label reflects contextual rescue urgency.,en,validation
rpv2-00892,Caller says: Wildfire is approaching homes and an organized evacuation is required. near the school.,HIGH,wildfire,0,0,1,0,35,v2_wildfire_wildfire_high_front,controlled_synthetic_v2,V2 mixed-disaster scenario family wildfire_high_front; label reflects contextual rescue urgency.,en,validation
rpv2-00277,Update: A little water is on the roadside after rain; traffic is moving and everyone is safe. Please send someone. on the east side. No further details yet.,LOW,flood,0,0,0,0,1,v2_flood_flood_low_puddle,controlled_synthetic_v2,V2 mixed-disaster scenario family flood_low_puddle; label reflects contextual rescue urgency.,en,train
rpv2-00070,Need assistance — Can someone help? the neighborhood needs screening after an outbreak report; no immediate danger is reported. along the main road. We need the appropriate response.,MEDIUM,biological,0,0,0,1,40,v2_biological_biological_medium_screening,controlled_synthetic_v2,V2 mixed-disaster scenario family biological_medium_screening; label reflects contextual rescue urgency.,en,train
rpv2-00558,"Need assistance — Can someone help? hello, this is a test message and nobody needs assistance. on the east side. We need the appropriate response.",LOW,other,0,0,0,0,0,v2_other_other_low_greeting,controlled_synthetic_v2,V2 mixed-disaster scenario family other_low_greeting; label reflects contextual rescue urgency.,en,train
rpv2-00029,Update: An outbreak is affecting many residents and urgent public-health support is needed. Please send someone. along the main road.,HIGH,biological,0,0,0,1,50,v2_biological_biological_high_outbreak,controlled_synthetic_v2,V2 mixed-disaster scenario family biological_high_outbreak; label reflects contextual rescue urgency.,en,train
rpv2-00307,"Please help, The storm collapsed a structure with people inside; rescue teams are urgently required. along the main road. No further details yet.",CRITICAL,hurricane,0,1,0,0,7,v2_hurricane_hurricane_critical_collapse,controlled_synthetic_v2,V2 mixed-disaster scenario family hurricane_critical_collapse; label reflects contextual rescue urgency.,en,validation
rpv2-00125,Update: The earthquake badly damaged the building and occupants must evacuate. Please send someone. near the school.,HIGH,earthquake,0,0,0,0,15,v2_earthquake_earthquake_high_evacuation,controlled_synthetic_v2,V2 mixed-disaster scenario family earthquake_high_evacuation; label reflects contextual rescue urgency.,en,test
rpv2-00153,Shaking damaged the power connection and neighbors need local assistance. by the river. Please advise.,MEDIUM,earthquake,0,0,0,0,10,v2_earthquake_earthquake_medium_power,controlled_synthetic_v2,V2 mixed-disaster scenario family earthquake_medium_power; label reflects contextual rescue urgency.,en,train
rpv2-00453,Update: A machine damaged part of the facility and staff need a safe inspection. Please send someone. on the east side. Please advise.,MEDIUM,industrial,0,0,0,0,10,v2_industrial_industrial_medium_damage,controlled_synthetic_v2,V2 mixed-disaster scenario family industrial_medium_damage; label reflects contextual rescue urgency.,en,test
rpv2-00849,"This is transportation news, not an accident requiring responders. near the school. Please advise.",LOW,transportation,0,0,0,0,0,v2_transportation_transport_low_news,controlled_synthetic_v2,V2 mixed-disaster scenario family transport_low_news; label reflects contextual rescue urgency.,en,train
rpv2-00080,Report from resident: Third-party report: This is a health news update; no one here is ill or requesting help. by the river.,LOW,biological,0,0,0,0,0,v2_biological_biological_low_news,controlled_synthetic_v2,V2 mixed-disaster scenario family biological_low_news; label reflects contextual rescue urgency.,en,validation
rpv2-00161,"A wall is partly damaged and the family needs temporary support, not rescue. on the east side. We need the appropriate response.",MEDIUM,earthquake,0,0,0,0,4,v2_earthquake_earthquake_medium_wall,controlled_synthetic_v2,V2 mixed-disaster scenario family earthquake_medium_wall; label reflects contextual rescue urgency.,en,test
rpv2-00891,"Please help, Wildfire is approaching homes and an organized evacuation is required. by the river. We need the appropriate response.",HIGH,wildfire,0,0,1,0,35,v2_wildfire_wildfire_high_front,controlled_synthetic_v2,V2 mixed-disaster scenario family wildfire_high_front; label reflects contextual rescue urgency.,en,validation
rpv2-00798,Need assistance — Can someone help? a bus crash caused serious injuries; everyone is conscious and responders are needed. at the apartment block. This is the current update.,HIGH,transportation,1,0,0,1,8,v2_transportation_transport_high_crash,controlled_synthetic_v2,V2 mixed-disaster scenario family transport_high_crash; label reflects contextual rescue urgency.,en,validation
rpv2-00101,Update: The building collapsed and people are trapped under debris; send rescue now. Please send someone. along the main road.,CRITICAL,earthquake,1,1,0,1,8,v2_earthquake_earthquake_critical_collapse,controlled_synthetic_v2,V2 mixed-disaster scenario family earthquake_critical_collapse; label reflects contextual rescue urgency.,en,train
rpv2-00556,"Caller says: Hello, this is a test message and nobody needs assistance. near the school. We need the appropriate response.",LOW,other,0,0,0,0,0,v2_other_other_low_greeting,controlled_synthetic_v2,V2 mixed-disaster scenario family other_low_greeting; label reflects contextual rescue urgency.,en,train
rpv2-00259,"Please help, Water is affecting several homes and people need supplies, but everyone is safe. at the apartment block.",MEDIUM,flood,0,0,0,0,8,v2_flood_flood_medium_supplies,controlled_synthetic_v2,V2 mixed-disaster scenario family flood_medium_supplies; label reflects contextual rescue urgency.,en,test
rpv2-00326,Need assistance — Can someone help? strong winds damaged the shelter; residents are outside and need urgent relocation. along the main road. This is the current update.,HIGH,hurricane,0,0,0,0,25,v2_hurricane_hurricane_high_wind,controlled_synthetic_v2,V2 mixed-disaster scenario family hurricane_high_wind; label reflects contextual rescue urgency.,en,train
rpv2-00297,A resident is bleeding badly after debris struck them; immediate medical help is needed. along the main road. We need the appropriate response.,CRITICAL,hurricane,1,0,0,1,1,v2_hurricane_hurricane_critical_bleeding,controlled_synthetic_v2,V2 mixed-disaster scenario family hurricane_critical_bleeding; label reflects contextual rescue urgency.,en,train
rpv2-00349,Update: Wind damaged part of a roof; everyone is safe but the family needs assistance. Please send someone. along the main road. We need the appropriate response.,MEDIUM,hurricane,0,0,0,0,4,v2_hurricane_hurricane_medium_roof,controlled_synthetic_v2,V2 mixed-disaster scenario family hurricane_medium_roof; label reflects contextual rescue urgency.,en,train
rpv2-00112,Report from resident: Third-party report: An unconscious person is inside the damaged structure and responders cannot reach them. near the market. Please advise.,CRITICAL,earthquake,1,0,0,1,1,v2_earthquake_earthquake_critical_unconscious,controlled_synthetic_v2,V2 mixed-disaster scenario family earthquake_critical_unconscious; label reflects contextual rescue urgency.,en,validation
rpv2-00440,Report from resident: Third-party report: A contained fire damaged equipment and workers need assistance. at the apartment block. This is the current update.,MEDIUM,industrial,0,0,1,0,4,v2_industrial_industrial_medium_fire,controlled_synthetic_v2,V2 mixed-disaster scenario family industrial_medium_fire; label reflects contextual rescue urgency.,en,train
rpv2-00421,Update: A chemical leak made the plant unsafe and workers need urgent evacuation. Please send someone. on the east side. No further details yet.,HIGH,industrial,0,0,0,1,30,v2_industrial_industrial_high_spill,controlled_synthetic_v2,V2 mixed-disaster scenario family industrial_high_spill; label reflects contextual rescue urgency.,en,train
rpv2-00309,Update: The storm collapsed a structure with people inside; rescue teams are urgently required. Please send someone. along the main road. We need the appropriate response.,CRITICAL,hurricane,0,1,0,0,7,v2_hurricane_hurricane_critical_collapse,controlled_synthetic_v2,V2 mixed-disaster scenario family hurricane_critical_collapse; label reflects contextual rescue urgency.,en,validation
rpv2-00633,A crowd has closed the route and residents need information and support. along the main road. We need the appropriate response.,MEDIUM,societal,0,0,0,0,30,v2_societal_societal_medium_route,controlled_synthetic_v2,V2 mixed-disaster scenario family societal_medium_route; label reflects contextual rescue urgency.,en,test
rpv2-00610,SOS: Several people need urgent shelter after serious damage to the community center. near the school. We need the appropriate response.,HIGH,societal,0,0,0,0,25,v2_societal_societal_high_damage,controlled_synthetic_v2,V2 mixed-disaster scenario family societal_high_damage; label reflects contextual rescue urgency.,en,train
rpv2-00632,Report from resident: Third-party report: A local disturbance damaged storefronts and businesses need basic assistance. along the main road. We need the appropriate response.,MEDIUM,societal,0,0,0,0,8,v2_societal_societal_medium_damage,controlled_synthetic_v2,V2 mixed-disaster scenario family societal_medium_damage; label reflects contextual rescue urgency.,en,train
rpv2-00590,Need assistance — Can someone help? a person is bleeding severely and unconscious after the attack. near the market.,CRITICAL,societal,1,0,0,1,1,v2_societal_societal_critical_bleeding,controlled_synthetic_v2,V2 mixed-disaster scenario family societal_critical_bleeding; label reflects contextual rescue urgency.,en,test
rpv2-00269,"Update: News about flooding is circulating, but our street is dry and nobody needs help. Please send someone. near the school. We need the appropriate response.",LOW,flood,0,0,0,0,0,v2_flood_flood_low_news,controlled_synthetic_v2,V2 mixed-disaster scenario family flood_low_news; label reflects contextual rescue urgency.,en,train
rpv2-00103,Field note: The building collapsed and people are trapped under debris; send rescue now. pls. at the apartment block. This is the current update.,CRITICAL,earthquake,1,1,0,1,8,v2_earthquake_earthquake_critical_collapse,controlled_synthetic_v2,V2 mixed-disaster scenario family earthquake_critical_collapse; label reflects contextual rescue urgency.,en,train
rpv2-00108,Caller says: An unconscious person is inside the damaged structure and responders cannot reach them. at the apartment block.,CRITICAL,earthquake,1,0,0,1,1,v2_earthquake_earthquake_critical_unconscious,controlled_synthetic_v2,V2 mixed-disaster scenario family earthquake_critical_unconscious; label reflects contextual rescue urgency.,en,validation
rpv2-00726,Need assistance — Can someone help? the tornado damaged a roof and the household needs repair assistance. near the school. We need the appropriate response.,MEDIUM,tornado,0,0,0,0,3,v2_tornado_tornado_medium_roof,controlled_synthetic_v2,V2 mixed-disaster scenario family tornado_medium_roof; label reflects contextual rescue urgency.,en,train
rpv2-00827,"Please help, A bus breakdown has stranded passengers who need local support. along the main road. Please advise.",MEDIUM,transportation,0,0,0,0,16,v2_transportation_transport_medium_delay,controlled_synthetic_v2,V2 mixed-disaster scenario family transport_medium_delay; label reflects contextual rescue urgency.,en,train
rpv2-00379,"Please help, This is a hurricane news update, not a request for rescue. near the market. We need the appropriate response.",LOW,hurricane,0,0,0,0,0,v2_hurricane_hurricane_low_news,controlled_synthetic_v2,V2 mixed-disaster scenario family hurricane_low_news; label reflects contextual rescue urgency.,en,train
rpv2-00158,Need assistance — Can someone help? shaking damaged the power connection and neighbors need local assistance. by the river. Please advise.,MEDIUM,earthquake,0,0,0,0,10,v2_earthquake_earthquake_medium_power,controlled_synthetic_v2,V2 mixed-disaster scenario family earthquake_medium_power; label reflects contextual rescue urgency.,en,train
rpv2-00056,Report from resident: Third-party report: Several residents have mild symptoms and need a health information point. along the main road. Please advise.,MEDIUM,biological,0,0,0,1,8,v2_biological_biological_medium_symptoms,controlled_synthetic_v2,V2 mixed-disaster scenario family biological_medium_symptoms; label reflects contextual rescue urgency.,en,train
rpv2-00854,"Need assistance — Can someone help? this is transportation news, not an accident requiring responders. at the apartment block. We need the appropriate response.",LOW,transportation,0,0,0,0,0,v2_transportation_transport_low_news,controlled_synthetic_v2,V2 mixed-disaster scenario family transport_low_news; label reflects contextual rescue urgency.,en,train
rpv2-00890,SOS: Wildfire is approaching homes while an organized evacuation is required. along the main road. We need the appropriate response.,HIGH,wildfire,0,0,1,0,35,v2_wildfire_wildfire_high_front,controlled_synthetic_v2,V2 mixed-disaster scenario family wildfire_high_front; label reflects contextual rescue urgency.,en,validation
rpv2-00067,"Please help, The neighborhood is asking for screening after an outbreak report; no immediate danger is reported. along the main road.",MEDIUM,biological,0,0,0,1,40,v2_biological_biological_medium_screening,controlled_synthetic_v2,V2 mixed-disaster scenario family biological_medium_screening; label reflects contextual rescue urgency.,en,train
rpv2-00393,Multiple workers are severely burned after the explosion and need emergency care. along the main road. No further details yet.,CRITICAL,industrial,1,0,1,1,8,v2_industrial_industrial_critical_burns,controlled_synthetic_v2,V2 mixed-disaster scenario family industrial_critical_burns; label reflects contextual rescue urgency.,en,train
rpv2-00789,Update: An active vehicle fire has people trapped inside. Please send someone. along the main road. Please advise.,CRITICAL,transportation,0,1,1,0,5,v2_transportation_transport_critical_fire,controlled_synthetic_v2,V2 mixed-disaster scenario family transport_critical_fire; label reflects contextual rescue urgency.,en,test
rpv2-00489,An unconscious person needs immediate medical help at the scene. by the river. This is the current update.,CRITICAL,other,1,0,0,1,1,v2_other_other_critical_unconscious,controlled_synthetic_v2,V2 mixed-disaster scenario family other_critical_unconscious; label reflects contextual rescue urgency.,en,train
rpv2-00323,"Please help, Strong winds damaged the shelter; residents are outside and need urgent relocation. near the market. We need the appropriate response.",HIGH,hurricane,0,0,0,0,25,v2_hurricane_hurricane_high_wind,controlled_synthetic_v2,V2 mixed-disaster scenario family hurricane_high_wind; label reflects contextual rescue urgency.,en,train
rpv2-00540,Caller says: Moderate damage affects the area and residents need a welfare check. at the apartment block. This is the current update.,MEDIUM,other,0,0,0,0,15,v2_other_other_medium_damage,controlled_synthetic_v2,V2 mixed-disaster scenario family other_medium_damage; label reflects contextual rescue urgency.,en,train
rpv2-00314,SOS: Hurricane damage made several homes unsafe while families need evacuation help. along the main road. This is the current update.,HIGH,hurricane,0,0,0,0,18,v2_hurricane_hurricane_high_evacuation,controlled_synthetic_v2,V2 mixed-disaster scenario family hurricane_high_evacuation; label reflects contextual rescue urgency.,en,train
rpv2-00105,An unconscious person is inside the damaged structure and responders cannot reach them. along the main road.,CRITICAL,earthquake,1,0,0,1,1,v2_earthquake_earthquake_critical_unconscious,controlled_synthetic_v2,V2 mixed-disaster scenario family earthquake_critical_unconscious; label reflects contextual rescue urgency.,en,validation
rpv2-00752,Report from resident: Third-party report: The tornado warning has ended here and everyone is safe; no response is needed. at the apartment block. This is the current update.,LOW,tornado,0,0,0,0,0,v2_tornado_tornado_low_warning,controlled_synthetic_v2,V2 mixed-disaster scenario family tornado_low_warning; label reflects contextual rescue urgency.,en,train
rpv2-00829,Update: A bus breakdown has stranded passengers who need local support. Please send someone. on the east side. Please advise.,MEDIUM,transportation,0,0,0,0,16,v2_transportation_transport_medium_delay,controlled_synthetic_v2,V2 mixed-disaster scenario family transport_medium_delay; label reflects contextual rescue urgency.,en,train
rpv2-00792,Report from resident: Third-party report: An active vehicle fire has people trapped inside. along the main road. No further details yet.,CRITICAL,transportation,0,1,1,0,5,v2_transportation_transport_critical_fire,controlled_synthetic_v2,V2 mixed-disaster scenario family transport_critical_fire; label reflects contextual rescue urgency.,en,test
rpv2-00515,"Please help, Significant damage has made several rooms unsafe and families need relocation. by the river. We need the appropriate response.",HIGH,other,0,0,0,0,12,v2_other_other_high_damage,controlled_synthetic_v2,V2 mixed-disaster scenario family other_high_damage; label reflects contextual rescue urgency.,en,train
rpv2-00332,Caller says: A serious injury occurred during the storm; the person is conscious but needs urgent care. near the market. We need the appropriate response.,HIGH,hurricane,1,0,0,1,1,v2_hurricane_hurricane_high_injury,controlled_synthetic_v2,V2 mixed-disaster scenario family hurricane_high_injury; label reflects contextual rescue urgency.,en,train
rpv2-00783,Field note: A passenger is bleeding severely after thee collision and is losing consciousness. on the east side. We need the appropriate response.,CRITICAL,transportation,1,0,0,1,1,v2_transportation_transport_critical_bleeding,controlled_synthetic_v2,V2 mixed-disaster scenario family transport_critical_bleeding; label reflects contextual rescue urgency.,en,test
rpv2-00676,Caller says: People are trapped under tornado debris and cannot escape without rescue. at the apartment block. Please advise.,CRITICAL,tornado,1,1,0,1,6,v2_tornado_tornado_critical_debris,controlled_synthetic_v2,V2 mixed-disaster scenario family tornado_critical_debris; label reflects contextual rescue urgency.,en,validation
rpv2-00947,"Please help, This wildfire report is for information only; our neighborhood is unaffected. near the market. This is the current update.",LOW,wildfire,0,0,0,0,0,v2_wildfire_wildfire_low_news,controlled_synthetic_v2,V2 mixed-disaster scenario family wildfire_low_news; label reflects contextual rescue urgency.,en,train
rpv2-00959,Field note: The wildfire evacuation drill ended normally and no one needs help. pls. at the apartment block. We need the appropriate response.,LOW,wildfire,0,0,0,0,12,v2_wildfire_wildfire_low_drill,controlled_synthetic_v2,V2 mixed-disaster scenario family wildfire_low_drill; label reflects contextual rescue urgency.,en,train
rpv2-00025,An outbreak is affecting many residents and urgent public-health support is needed. by the river. No further details yet.,HIGH,biological,0,0,0,1,50,v2_biological_biological_high_outbreak,controlled_synthetic_v2,V2 mixed-disaster scenario family biological_high_outbreak; label reflects contextual rescue urgency.,en,train
rpv2-00810,"SOS: A vehicle fire is contained while passengers evacuated, but the scene needs urgent support. near the market.",HIGH,transportation,0,0,1,0,12,v2_transportation_transport_high_fire,controlled_synthetic_v2,V2 mixed-disaster scenario family transport_high_fire; label reflects contextual rescue urgency.,en,train
rpv2-00181,"Update: A small earthquake was felt, but nothing fell and no response is needed. Please send someone. on the east side. This is the current update.",LOW,earthquake,0,0,0,0,1,v2_earthquake_earthquake_low_shake,controlled_synthetic_v2,V2 mixed-disaster scenario family earthquake_low_shake; label reflects contextual rescue urgency.,en,train
rpv2-00100,Caller says: The building collapsed and residents are trapped under debris; send rescue now. at the apartment block.,CRITICAL,earthquake,1,1,0,1,8,v2_earthquake_earthquake_critical_collapse,controlled_synthetic_v2,V2 mixed-disaster scenario family earthquake_critical_collapse; label reflects contextual rescue urgency.,en,train
rpv2-00707,"Please help, A damaged building is unsafe after the tornado and people must evacuate. near the school. Please advise.",HIGH,tornado,0,0,0,0,14,v2_tornado_tornado_high_evacuation,controlled_synthetic_v2,V2 mixed-disaster scenario family tornado_high_evacuation; label reflects contextual rescue urgency.,en,train
rpv2-00324,Caller says: Strong winds damaged the shelter; residents are outside and need urgent relocation. along the main road. Please advise.,HIGH,hurricane,0,0,0,0,25,v2_hurricane_hurricane_high_wind,controlled_synthetic_v2,V2 mixed-disaster scenario family hurricane_high_wind; label reflects contextual rescue urgency.,en,train
rpv2-00635,"Please help, A crowd has closed the route and residents need information and support. near the school.",MEDIUM,societal,0,0,0,0,30,v2_societal_societal_medium_route,controlled_synthetic_v2,V2 mixed-disaster scenario family societal_medium_route; label reflects contextual rescue urgency.,en,test
rpv2-00061,Update: A local clinic needs basic supplies for patients with stable illness. Please send someone. near the market. We need the appropriate response.,MEDIUM,biological,0,0,0,1,20,v2_biological_biological_medium_clinic,controlled_synthetic_v2,V2 mixed-disaster scenario family biological_medium_clinic; label reflects contextual rescue urgency.,en,train
rpv2-00764,Caller says: This is a tornado shelter drill and all participants are accounted for. near the market. We need the appropriate response.,LOW,tornado,0,0,0,0,20,v2_tornado_tornado_low_drill,controlled_synthetic_v2,V2 mixed-disaster scenario family tornado_low_drill; label reflects contextual rescue urgency.,en,train
rpv2-00487,Field note: Several people are trapped and cannot escape; immediate rescue is required. pls. along the main road.,CRITICAL,other,0,1,0,0,6,v2_other_other_critical_trapped,controlled_synthetic_v2,V2 mixed-disaster scenario family other_critical_trapped; label reflects contextual rescue urgency.,en,train
rpv2-00769,Passengers are trapped in the overturned bus and need immediate rescue. on the east side. We need the appropriate response.,CRITICAL,transportation,1,1,0,1,9,v2_transportation_transport_critical_trapped,controlled_synthetic_v2,V2 mixed-disaster scenario family transport_critical_trapped; label reflects contextual rescue urgency.,en,train
rpv2-00191,Field note: The earthquake preparedness drill is complete; this is not an emergency. pls. by the river.,LOW,earthquake,0,0,0,0,0,v2_earthquake_earthquake_low_drill,controlled_synthetic_v2,V2 mixed-disaster scenario family earthquake_low_drill; label reflects contextual rescue urgency.,en,train
rpv2-00836,Caller says: One person has a painful but stable injury after a collision. along the main road. This is the current update.,MEDIUM,transportation,1,0,0,1,1,v2_transportation_transport_medium_injury,controlled_synthetic_v2,V2 mixed-disaster scenario family transport_medium_injury; label reflects contextual rescue urgency.,en,train
rpv2-00618,SOS: Multiple people have serious injuries after the incident but remain conscious. at the apartment block.,HIGH,societal,1,0,0,1,6,v2_societal_societal_high_injury,controlled_synthetic_v2,V2 mixed-disaster scenario family societal_high_injury; label reflects contextual rescue urgency.,en,test
rpv2-00233,A vehicle is surrounded by water and responders should help move the occupants safely. near the market. No further details yet.,HIGH,flood,0,0,0,0,4,v2_flood_flood_high_vehicle,controlled_synthetic_v2,V2 mixed-disaster scenario family flood_high_vehicle; label reflects contextual rescue urgency.,en,test
rpv2-00552,Report from resident: Third-party report: One person has a stable injury and needs non-urgent medical assistance. near the school. No further details yet.,MEDIUM,other,1,0,0,1,1,v2_other_other_medium_injury,controlled_synthetic_v2,V2 mixed-disaster scenario family other_medium_injury; label reflects contextual rescue urgency.,en,validation
rpv2-00689,The tornado destroyed the building and multiple residents are severely injured. at the apartment block. This is the current update.,CRITICAL,tornado,1,0,0,1,10,v2_tornado_tornado_critical_collapse,controlled_synthetic_v2,V2 mixed-disaster scenario family tornado_critical_collapse; label reflects contextual rescue urgency.,en,train
rpv2-00694,Need assistance — Can someone help? the tornado destroyed the building and multiple residents are severely injured. on the east side. No further details yet.,CRITICAL,tornado,1,0,0,1,10,v2_tornado_tornado_critical_collapse,controlled_synthetic_v2,V2 mixed-disaster scenario family tornado_critical_collapse; label reflects contextual rescue urgency.,en,train
rpv2-00459,"Please help, The fire drill at the plant is finished and everyone is safe. along the main road. No further details yet.",LOW,industrial,0,0,1,0,40,v2_industrial_industrial_low_drill,controlled_synthetic_v2,V2 mixed-disaster scenario family industrial_low_drill; label reflects contextual rescue urgency.,en,train
rpv2-00887,Field note: The fire blocked both exits and a family cannot escape. pls. on the east side. No further details yet.,CRITICAL,wildfire,0,1,1,0,4,v2_wildfire_wildfire_critical_escape,controlled_synthetic_v2,V2 mixed-disaster scenario family wildfire_critical_escape; label reflects contextual rescue urgency.,en,train
rpv2-00508,Caller says: A dangerous situation requires evacuation and urgent support for residents. near the market.,HIGH,other,0,0,0,0,20,v2_other_other_high_evacuation,controlled_synthetic_v2,V2 mixed-disaster scenario family other_high_evacuation; label reflects contextual rescue urgency.,en,train
rpv2-00534,"Need assistance — Can someone help? a local disruption needs basic assistance, but there is no immediate threat. on the east side. No further details yet.",MEDIUM,other,0,0,0,0,4,v2_other_other_medium_help,controlled_synthetic_v2,V2 mixed-disaster scenario family other_medium_help; label reflects contextual rescue urgency.,en,train
rpv2-00514,SOS: Significant damage has made several rooms unsafe while families need relocation. on the east side. We need the appropriate response.,HIGH,other,0,0,0,0,12,v2_other_other_high_damage,controlled_synthetic_v2,V2 mixed-disaster scenario family other_high_damage; label reflects contextual rescue urgency.,en,train
rpv2-00619,"Please help, Multiple people have serious injuries after the incident but remain conscious. near the market.",HIGH,societal,1,0,0,1,6,v2_societal_societal_high_injury,controlled_synthetic_v2,V2 mixed-disaster scenario family societal_high_injury; label reflects contextual rescue urgency.,en,test
rpv2-00894,Need assistance — Can someone help? wildfire is approaching homes and an organized evacuation is required. on the east side.,HIGH,wildfire,0,0,1,0,35,v2_wildfire_wildfire_high_front,controlled_synthetic_v2,V2 mixed-disaster scenario family wildfire_high_front; label reflects contextual rescue urgency.,en,validation
rpv2-00598,Need assistance — Can someone help? multiple people are severely injured and responders must provide emergency care now. at the apartment block. We need the appropriate response.,CRITICAL,societal,1,0,0,1,14,v2_societal_societal_critical_multiple,controlled_synthetic_v2,V2 mixed-disaster scenario family societal_critical_multiple; label reflects contextual rescue urgency.,en,train
rpv2-00219,"Please help, Floodwater is rising toward several houses and an evacuation is needed. near the school. This is the current update.",HIGH,flood,0,0,0,0,18,v2_flood_flood_high_evacuation,controlled_synthetic_v2,V2 mixed-disaster scenario family flood_high_evacuation; label reflects contextual rescue urgency.,en,validation
rpv2-00001,Several people are unconscious during the severe outbreak and need emergency care. along the main road.,CRITICAL,biological,1,0,0,1,7,v2_biological_biological_critical_unconscious,controlled_synthetic_v2,V2 mixed-disaster scenario family biological_critical_unconscious; label reflects contextual rescue urgency.,en,train
rpv2-00933,"Update: Smoke closed a local road, but residents are safe and need transport advice. Please send someone. by the river. Please advise.",MEDIUM,wildfire,0,0,0,0,8,v2_wildfire_wildfire_medium_route,controlled_synthetic_v2,V2 mixed-disaster scenario family wildfire_medium_route; label reflects contextual rescue urgency.,en,train
rpv2-00865,The wildfire surrounds the house and residents are trapped inside. near the market. This is the current update.,CRITICAL,wildfire,0,1,1,0,5,v2_wildfire_wildfire_critical_trapped,controlled_synthetic_v2,V2 mixed-disaster scenario family wildfire_critical_trapped; label reflects contextual rescue urgency.,en,train
rpv2-00817,A minor crash blocks one lane; everyone is conscious and basic assistance is needed. near the school. No further details yet.,MEDIUM,transportation,0,0,0,0,2,v2_transportation_transport_medium_lane,controlled_synthetic_v2,V2 mixed-disaster scenario family transport_medium_lane; label reflects contextual rescue urgency.,en,train
rpv2-00350,Need assistance — Can someone help? wind damaged part of a roof; everyone is safe but the family needs assistance. by the river. No further details yet.,MEDIUM,hurricane,0,0,0,0,4,v2_hurricane_hurricane_medium_roof,controlled_synthetic_v2,V2 mixed-disaster scenario family hurricane_medium_roof; label reflects contextual rescue urgency.,en,train
rpv2-00530,"SOS: A local disruption needs basic assistance, but there is no immediate threat. at the apartment block. No further details yet.",MEDIUM,other,0,0,0,0,4,v2_other_other_medium_help,controlled_synthetic_v2,V2 mixed-disaster scenario family other_medium_help; label reflects contextual rescue urgency.,en,train
rpv2-00727,Field note: The tornado damaged a roof and thee household needs repair assistance. on the east side. We need the appropriate response.,MEDIUM,tornado,0,0,0,0,3,v2_tornado_tornado_medium_roof,controlled_synthetic_v2,V2 mixed-disaster scenario family tornado_medium_roof; label reflects contextual rescue urgency.,en,train
rpv2-00734,Need assistance — Can someone help? several streets lost power after the tornado; residents need local support. on the east side. We need the appropriate response.,MEDIUM,tornado,0,0,0,0,30,v2_tornado_tornado_medium_power,controlled_synthetic_v2,V2 mixed-disaster scenario family tornado_medium_power; label reflects contextual rescue urgency.,en,validation
rpv2-00262,"Need assistance — Can someone help? water is affecting several homes and people need supplies, but everyone is safe. along the main road. This is the current update.",MEDIUM,flood,0,0,0,0,8,v2_flood_flood_medium_supplies,controlled_synthetic_v2,V2 mixed-disaster scenario family flood_medium_supplies; label reflects contextual rescue urgency.,en,test
rpv2-00954,SOS: The wildfire evacuation drill ended normally while no one needs help. on the east side. No further details yet.,LOW,wildfire,0,0,0,0,12,v2_wildfire_wildfire_low_drill,controlled_synthetic_v2,V2 mixed-disaster scenario family wildfire_low_drill; label reflects contextual rescue urgency.,en,train
rpv2-00395,"Please help, Multiple workers are severely burned after the explosion and need emergency care. near the school. We need the appropriate response.",CRITICAL,industrial,1,0,1,1,8,v2_industrial_industrial_critical_burns,controlled_synthetic_v2,V2 mixed-disaster scenario family industrial_critical_burns; label reflects contextual rescue urgency.,en,train
rpv2-00574,"Need assistance — Can someone help? the situation sounds serious in the news, but everyone at this location is safe. by the river. Please advise.",LOW,other,0,0,0,0,2,v2_other_other_low_safe,controlled_synthetic_v2,V2 mixed-disaster scenario family other_low_safe; label reflects contextual rescue urgency.,en,train
rpv2-00114,SOS: Multiple people are severely injured after the collapse while need immediate medical rescue. by the river. This is the current update.,CRITICAL,earthquake,1,0,0,1,12,v2_earthquake_earthquake_critical_multiple,controlled_synthetic_v2,V2 mixed-disaster scenario family earthquake_critical_multiple; label reflects contextual rescue urgency.,en,train
rpv2-00207,Field note: A child and two adults are stranded on a roof; immediate water rescue is required. pls. by the river. This is the current update.,CRITICAL,flood,0,1,0,0,3,v2_flood_flood_critical_rescue,controlled_synthetic_v2,V2 mixed-disaster scenario family flood_critical_rescue; label reflects contextual rescue urgency.,en,train
rpv2-00183,"Field note: A small earthquake was felt, but nothing fell and no response is needed. pls. by the river. We need the appropriate response.",LOW,earthquake,0,0,0,0,1,v2_earthquake_earthquake_low_shake,controlled_synthetic_v2,V2 mixed-disaster scenario family earthquake_low_shake; label reflects contextual rescue urgency.,en,train
rpv2-00843,"Please help, A vehicle stopped on the roadside; traffic is moving and no one is hurt. on the east side. No further details yet.",LOW,transportation,0,0,0,0,1,v2_transportation_transport_low_stopped,controlled_synthetic_v2,V2 mixed-disaster scenario family transport_low_stopped; label reflects contextual rescue urgency.,en,test
rpv2-00759,"Field note: I am reporting tornado news from anotheer town, not an emergency at this location. by the river.",LOW,tornado,0,0,0,0,0,v2_tornado_tornado_low_news,controlled_synthetic_v2,V2 mixed-disaster scenario family tornado_low_news; label reflects contextual rescue urgency.,en,validation
rpv2-00270,"Need assistance — Can someone help? news about flooding is circulating, but our street is dry and nobody needs help. near the school.",LOW,flood,0,0,0,0,0,v2_flood_flood_low_news,controlled_synthetic_v2,V2 mixed-disaster scenario family flood_low_news; label reflects contextual rescue urgency.,en,train
rpv2-00287,Field note: The flood evacuation drill finished normally; this is only a systems check. pls. near the school. We need the appropriate response.,LOW,flood,0,0,0,0,0,v2_flood_flood_low_drill,controlled_synthetic_v2,V2 mixed-disaster scenario family flood_low_drill; label reflects contextual rescue urgency.,en,validation
rpv2-00018,SOS: Multiple patients are collapsing while responders need to act immediately. at the apartment block. This is the current update.,CRITICAL,biological,1,0,0,1,12,v2_biological_biological_critical_multiple,controlled_synthetic_v2,V2 mixed-disaster scenario family biological_critical_multiple; label reflects contextual rescue urgency.,en,train
rpv2-00897,Fire damaged part of the building; everyone evacuated safely but support is needed. at the apartment block.,HIGH,wildfire,0,0,1,0,9,v2_wildfire_wildfire_high_damage,controlled_synthetic_v2,V2 mixed-disaster scenario family wildfire_high_damage; label reflects contextual rescue urgency.,en,train
rpv2-00654,Need assistance — Can someone help? this is a report about unrest elsewhere; our area is calm and safe. near the school. No further details yet.,LOW,societal,0,0,0,0,0,v2_societal_societal_low_news,controlled_synthetic_v2,V2 mixed-disaster scenario family societal_low_news; label reflects contextual rescue urgency.,en,test
rpv2-00268,"Caller says: News about flooding is circulating, but our street is dry and nobody needs help. near the market. We need the appropriate response.",LOW,flood,0,0,0,0,0,v2_flood_flood_low_news,controlled_synthetic_v2,V2 mixed-disaster scenario family flood_low_news; label reflects contextual rescue urgency.,en,train
rpv2-00281,The flood evacuation drill finished normally; this is only a systems check. along the main road. Please advise.,LOW,flood,0,0,0,0,0,v2_flood_flood_low_drill,controlled_synthetic_v2,V2 mixed-disaster scenario family flood_low_drill; label reflects contextual rescue urgency.,en,validation
rpv2-00228,Caller says: The flood damaged the lower floors; families are outside but need urgent shelter. on the east side. No further details yet.,HIGH,flood,0,0,0,0,12,v2_flood_flood_high_damage,controlled_synthetic_v2,V2 mixed-disaster scenario family flood_high_damage; label reflects contextual rescue urgency.,en,train
rpv2-00087,Field note: Please share general information about prevention; theere is no emergency. near the market. We need the appropriate response.,LOW,biological,0,0,0,0,0,v2_biological_biological_low_advice,controlled_synthetic_v2,V2 mixed-disaster scenario family biological_low_advice; label reflects contextual rescue urgency.,en,train
rpv2-00162,"SOS: A wall is partly damaged while the family needs temporary support, not rescue. along the main road. This is the current update.",MEDIUM,earthquake,0,0,0,0,4,v2_earthquake_earthquake_medium_wall,controlled_synthetic_v2,V2 mixed-disaster scenario family earthquake_medium_wall; label reflects contextual rescue urgency.,en,test
rpv2-00336,Report from resident: Third-party report: A serious injury occurred during the storm; the person is conscious but needs urgent care. near the market. No further details yet.,HIGH,hurricane,1,0,0,1,1,v2_hurricane_hurricane_high_injury,controlled_synthetic_v2,V2 mixed-disaster scenario family hurricane_high_injury; label reflects contextual rescue urgency.,en,train
rpv2-00198,Need assistance — Can someone help? several people are trapped by rapidly rising floodwater and cannot get out. at the apartment block. We need the appropriate response.,CRITICAL,flood,0,1,0,0,6,v2_flood_flood_critical_trapped,controlled_synthetic_v2,V2 mixed-disaster scenario family flood_critical_trapped; label reflects contextual rescue urgency.,en,test
rpv2-00602,SOS: A dangerous disturbance requires residents to evacuate the public facility. near the school.,HIGH,societal,0,0,0,0,40,v2_societal_societal_high_evacuation,controlled_synthetic_v2,V2 mixed-disaster scenario family societal_high_evacuation; label reflects contextual rescue urgency.,en,train
rpv2-00431,Field note: A worker has a serious injury after thee machinery accident and needs urgent care. by the river. Please advise.,HIGH,industrial,1,0,0,1,1,v2_industrial_industrial_high_injury,controlled_synthetic_v2,V2 mixed-disaster scenario family industrial_high_injury; label reflects contextual rescue urgency.,en,train
rpv2-00312,Report from resident: Third-party report: The storm collapsed a structure with people inside; rescue teams are urgently required. along the main road. No further details yet.,CRITICAL,hurricane,0,1,0,0,7,v2_hurricane_hurricane_critical_collapse,controlled_synthetic_v2,V2 mixed-disaster scenario family hurricane_critical_collapse; label reflects contextual rescue urgency.,en,validation
rpv2-00140,Caller says: A serious but stable injury followed the earthquake and needs urgent treatment. at the apartment block. Please advise.,HIGH,earthquake,1,0,0,1,1,v2_earthquake_earthquake_high_injury,controlled_synthetic_v2,V2 mixed-disaster scenario family earthquake_high_injury; label reflects contextual rescue urgency.,en,validation
rpv2-00130,SOS: Several homes are unsafe after the quake; residents need urgent shelter. by the river.,HIGH,earthquake,0,0,0,0,22,v2_earthquake_earthquake_high_shelter,controlled_synthetic_v2,V2 mixed-disaster scenario family earthquake_high_shelter; label reflects contextual rescue urgency.,en,train
rpv2-00920,Report from resident: Third-party report: Wildfire smoke is affecting the neighborhood and residents need masks. near the market. We need the appropriate response.,MEDIUM,wildfire,0,0,0,0,25,v2_wildfire_wildfire_medium_smoke,controlled_synthetic_v2,V2 mixed-disaster scenario family wildfire_medium_smoke; label reflects contextual rescue urgency.,en,train
rpv2-00806,Need assistance — Can someone help? a train derailment damaged the carriage and passengers need urgent evacuation. near the market. No further details yet.,HIGH,transportation,0,0,0,0,40,v2_transportation_transport_high_derail,controlled_synthetic_v2,V2 mixed-disaster scenario family transport_high_derail; label reflects contextual rescue urgency.,en,train
rpv2-00407,Field note: A worker is unconscious in thee hazardous area and responders cannot reach them. near the market.,CRITICAL,industrial,1,0,0,1,1,v2_industrial_industrial_critical_unconscious,controlled_synthetic_v2,V2 mixed-disaster scenario family industrial_critical_unconscious; label reflects contextual rescue urgency.,en,train
rpv2-00462,Need assistance — Can someone help? the fire drill at the plant is finished and everyone is safe. by the river. We need the appropriate response.,LOW,industrial,0,0,1,0,40,v2_industrial_industrial_low_drill,controlled_synthetic_v2,V2 mixed-disaster scenario family industrial_low_drill; label reflects contextual rescue urgency.,en,train
rpv2-00086,Need assistance — Can someone help? please share general information about prevention; there is no emergency. at the apartment block. No further details yet.,LOW,biological,0,0,0,0,0,v2_biological_biological_low_advice,controlled_synthetic_v2,V2 mixed-disaster scenario family biological_low_advice; label reflects contextual rescue urgency.,en,train
rpv2-00335,Field note: A serious injury occurred during thee storm; the person is conscious but needs urgent care. near the market.,HIGH,hurricane,1,0,0,1,1,v2_hurricane_hurricane_high_injury,controlled_synthetic_v2,V2 mixed-disaster scenario family hurricane_high_injury; label reflects contextual rescue urgency.,en,train
rpv2-00197,Update: Several people are trapped by rapidly rising floodwater and cannot get out. Please send someone. at the apartment block. Please advise.,CRITICAL,flood,0,1,0,0,6,v2_flood_flood_critical_trapped,controlled_synthetic_v2,V2 mixed-disaster scenario family flood_critical_trapped; label reflects contextual rescue urgency.,en,test
rpv2-00669,Update: Just checking the community channel; there is no active incident. Please send someone. on the east side. Please advise.,LOW,societal,0,0,0,0,0,v2_societal_societal_low_check,controlled_synthetic_v2,V2 mixed-disaster scenario family societal_low_check; label reflects contextual rescue urgency.,en,test
rpv2-00073,This is a health news update; no one here is ill or requesting help. on the east side. No further details yet.,LOW,biological,0,0,0,0,0,v2_biological_biological_low_news,controlled_synthetic_v2,V2 mixed-disaster scenario family biological_low_news; label reflects contextual rescue urgency.,en,validation
rpv2-00879,Field note: Several people have severe burns and need immediate medical rescue. pls. near the school.,CRITICAL,wildfire,1,0,1,1,6,v2_wildfire_wildfire_critical_burns,controlled_synthetic_v2,V2 mixed-disaster scenario family wildfire_critical_burns; label reflects contextual rescue urgency.,en,train
rpv2-00290,SOS: The hurricane destroyed the house while two residents are trapped inside. at the apartment block. We need the appropriate response.,CRITICAL,hurricane,0,1,0,0,2,v2_hurricane_hurricane_critical_trapped,controlled_synthetic_v2,V2 mixed-disaster scenario family hurricane_critical_trapped; label reflects contextual rescue urgency.,en,train
rpv2-00886,Need assistance — Can someone help? the fire blocked both exits and a family cannot escape. at the apartment block. Please advise.,CRITICAL,wildfire,0,1,1,0,4,v2_wildfire_wildfire_critical_escape,controlled_synthetic_v2,V2 mixed-disaster scenario family wildfire_critical_escape; label reflects contextual rescue urgency.,en,train
rpv2-00822,Need assistance — Can someone help? a minor crash blocks one lane; everyone is conscious and basic assistance is needed. by the river. This is the current update.,MEDIUM,transportation,0,0,0,0,2,v2_transportation_transport_medium_lane,controlled_synthetic_v2,V2 mixed-disaster scenario family transport_medium_lane; label reflects contextual rescue urgency.,en,train
rpv2-00736,Report from resident: Third-party report: Several streets lost power after the tornado; residents need local support. by the river.,MEDIUM,tornado,0,0,0,0,30,v2_tornado_tornado_medium_power,controlled_synthetic_v2,V2 mixed-disaster scenario family tornado_medium_power; label reflects contextual rescue urgency.,en,validation
rpv2-00548,Caller says: One person has a stable injury and needs non-urgent medical assistance. by the river. We need the appropriate response.,MEDIUM,other,1,0,0,1,1,v2_other_other_medium_injury,controlled_synthetic_v2,V2 mixed-disaster scenario family other_medium_injury; label reflects contextual rescue urgency.,en,validation
rpv2-00149,Update: The earthquake left cracks in one room; residents are safe but need an inspection. Please send someone. on the east side. We need the appropriate response.,MEDIUM,earthquake,0,0,0,0,3,v2_earthquake_earthquake_medium_cracks,controlled_synthetic_v2,V2 mixed-disaster scenario family earthquake_medium_cracks; label reflects contextual rescue urgency.,en,train
rpv2-00698,SOS: The tornado damaged multiple homes while residents need urgent shelter support. at the apartment block. This is the current update.,HIGH,tornado,0,0,0,0,20,v2_tornado_tornado_high_homes,controlled_synthetic_v2,V2 mixed-disaster scenario family tornado_high_homes; label reflects contextual rescue urgency.,en,train
rpv2-00012,Caller says: A patient is struggling to breathe and needs immediate medical rescue. by the river. This is the current update.,CRITICAL,biological,1,0,0,1,1,v2_biological_biological_critical_breathing,controlled_synthetic_v2,V2 mixed-disaster scenario family biological_critical_breathing; label reflects contextual rescue urgency.,en,test
rpv2-00507,"Please help, A dangerous situation requires evacuation and urgent support for residents. near the school.",HIGH,other,0,0,0,0,20,v2_other_other_high_evacuation,controlled_synthetic_v2,V2 mixed-disaster scenario family other_high_evacuation; label reflects contextual rescue urgency.,en,train
rpv2-00720,Report from resident: Third-party report: Several people have serious injuries after the tornado but are conscious. on the east side. Please advise.,HIGH,tornado,1,0,0,1,6,v2_tornado_tornado_high_injury,controlled_synthetic_v2,V2 mixed-disaster scenario family tornado_high_injury; label reflects contextual rescue urgency.,en,test
rpv2-00939,"Please help, Smoke is visible far away, but there is no fire near us and everyone is safe. by the river. No further details yet.",LOW,wildfire,0,0,0,0,0,v2_wildfire_wildfire_low_smoke,controlled_synthetic_v2,V2 mixed-disaster scenario family wildfire_low_smoke; label reflects contextual rescue urgency.,en,train
rpv2-00208,Report from resident: Third-party report: A child and two adults are stranded on a roof; immediate water rescue is required. at the apartment block. Please advise.,CRITICAL,flood,0,1,0,0,3,v2_flood_flood_critical_rescue,controlled_synthetic_v2,V2 mixed-disaster scenario family flood_critical_rescue; label reflects contextual rescue urgency.,en,train
rpv2-00700,Caller says: The tornado damaged multiple homes and residents need urgent shelter support. on the east side. This is the current update.,HIGH,tornado,0,0,0,0,20,v2_tornado_tornado_high_homes,controlled_synthetic_v2,V2 mixed-disaster scenario family tornado_high_homes; label reflects contextual rescue urgency.,en,train
rpv2-00205,Update: A child and two adults are stranded on a roof; immediate water rescue is required. Please send someone. at the apartment block.,CRITICAL,flood,0,1,0,0,3,v2_flood_flood_critical_rescue,controlled_synthetic_v2,V2 mixed-disaster scenario family flood_critical_rescue; label reflects contextual rescue urgency.,en,train
rpv2-00943,"Field note: Smoke is visible far away, but theere is no fire near us and everyone is safe. near the market. This is the current update.",LOW,wildfire,0,0,0,0,0,v2_wildfire_wildfire_low_smoke,controlled_synthetic_v2,V2 mixed-disaster scenario family wildfire_low_smoke; label reflects contextual rescue urgency.,en,train
rpv2-00479,Field note: A test alarm sounded at thee factory and the area is clear. on the east side. We need the appropriate response.,LOW,industrial,0,0,0,0,15,v2_industrial_industrial_low_alarm,controlled_synthetic_v2,V2 mixed-disaster scenario family industrial_low_alarm; label reflects contextual rescue urgency.,en,train
rpv2-00779,"Please help, A passenger is bleeding severely after the collision and is losing consciousness. on the east side. This is the current update.",CRITICAL,transportation,1,0,0,1,1,v2_transportation_transport_critical_bleeding,controlled_synthetic_v2,V2 mixed-disaster scenario family transport_critical_bleeding; label reflects contextual rescue urgency.,en,test
rpv2-00386,SOS: An active fire has workers trapped inside the plant; send rescue immediately. along the main road. No further details yet.,CRITICAL,industrial,0,1,1,0,7,v2_industrial_industrial_critical_trapped,controlled_synthetic_v2,V2 mixed-disaster scenario family industrial_critical_trapped; label reflects contextual rescue urgency.,en,validation
rpv2-00951,Field note: This wildfire report is for information only; our neighborhood is unaffected. pls. on the east side. No further details yet.,LOW,wildfire,0,0,0,0,0,v2_wildfire_wildfire_low_news,controlled_synthetic_v2,V2 mixed-disaster scenario family wildfire_low_news; label reflects contextual rescue urgency.,en,train
rpv2-00812,"Caller says: A vehicle fire is contained and passengers evacuated, but the scene needs urgent support. along the main road. This is the current update.",HIGH,transportation,0,0,1,0,12,v2_transportation_transport_high_fire,controlled_synthetic_v2,V2 mixed-disaster scenario family transport_high_fire; label reflects contextual rescue urgency.,en,train
rpv2-00524,Caller says: A serious injury requires urgent response; the person is conscious and stable. at the apartment block. This is the current update.,HIGH,other,1,0,0,1,1,v2_other_other_high_injury,controlled_synthetic_v2,V2 mixed-disaster scenario family other_high_injury; label reflects contextual rescue urgency.,en,train
rpv2-00545,One person has a stable injury and needs non-urgent medical assistance. at the apartment block. Please advise.,MEDIUM,other,1,0,0,1,1,v2_other_other_medium_injury,controlled_synthetic_v2,V2 mixed-disaster scenario family other_medium_injury; label reflects contextual rescue urgency.,en,validation
rpv2-00141,Update: A serious but stable injury followed the earthquake and needs urgent treatment. Please send someone. near the school. No further details yet.,HIGH,earthquake,1,0,0,1,1,v2_earthquake_earthquake_high_injury,controlled_synthetic_v2,V2 mixed-disaster scenario family earthquake_high_injury; label reflects contextual rescue urgency.,en,validation
rpv2-00793,A bus crash caused serious injuries; everyone is conscious and responders are needed. at the apartment block.,HIGH,transportation,1,0,0,1,8,v2_transportation_transport_high_crash,controlled_synthetic_v2,V2 mixed-disaster scenario family transport_high_crash; label reflects contextual rescue urgency.,en,validation
rpv2-00417,A chemical leak made the plant unsafe and workers need urgent evacuation. along the main road.,HIGH,industrial,0,0,0,1,30,v2_industrial_industrial_high_spill,controlled_synthetic_v2,V2 mixed-disaster scenario family industrial_high_spill; label reflects contextual rescue urgency.,en,train
rpv2-00007,Field note: Several people are unconscious during thee severe outbreak and need emergency care. near the market. This is the current update.,CRITICAL,biological,1,0,0,1,7,v2_biological_biological_critical_unconscious,controlled_synthetic_v2,V2 mixed-disaster scenario family biological_critical_unconscious; label reflects contextual rescue urgency.,en,train
rpv2-00568,Report from resident: Third-party report: I am sharing information about an unusual event; there is no emergency here. at the apartment block. No further details yet.,LOW,other,0,0,0,0,0,v2_other_other_low_news,controlled_synthetic_v2,V2 mixed-disaster scenario family other_low_news; label reflects contextual rescue urgency.,en,train
rpv2-00912,Report from resident: Third-party report: A serious injury occurred while people evacuated the wildfire area. by the river.,HIGH,wildfire,1,0,0,1,3,v2_wildfire_wildfire_high_injury,controlled_synthetic_v2,V2 mixed-disaster scenario family wildfire_high_injury; label reflects contextual rescue urgency.,en,train
rpv2-00300,Caller says: A resident is bleeding badly after debris struck them; immediate medical help is needed. at the apartment block. This is the current update.,CRITICAL,hurricane,1,0,0,1,1,v2_hurricane_hurricane_critical_bleeding,controlled_synthetic_v2,V2 mixed-disaster scenario family hurricane_critical_bleeding; label reflects contextual rescue urgency.,en,train
rpv2-00550,Need assistance — Can someone help? one person has a stable injury and needs non-urgent medical assistance. by the river. Please advise.,MEDIUM,other,1,0,0,1,1,v2_other_other_medium_injury,controlled_synthetic_v2,V2 mixed-disaster scenario family other_medium_injury; label reflects contextual rescue urgency.,en,validation
rpv2-00900,Caller says: Fire damaged part of the building; everyone evacuated safely but support is needed. along the main road.,HIGH,wildfire,0,0,1,0,9,v2_wildfire_wildfire_high_damage,controlled_synthetic_v2,V2 mixed-disaster scenario family wildfire_high_damage; label reflects contextual rescue urgency.,en,train
rpv2-00289,The hurricane destroyed the house and two residents are trapped inside. at the apartment block. We need the appropriate response.,CRITICAL,hurricane,0,1,0,0,2,v2_hurricane_hurricane_critical_trapped,controlled_synthetic_v2,V2 mixed-disaster scenario family hurricane_critical_trapped; label reflects contextual rescue urgency.,en,train
rpv2-00741,"Update: Debris blocks the road after the tornado, but nobody is injured or trapped. Please send someone. along the main road. No further details yet.",MEDIUM,tornado,0,0,0,0,4,v2_tornado_tornado_medium_debris,controlled_synthetic_v2,V2 mixed-disaster scenario family tornado_medium_debris; label reflects contextual rescue urgency.,en,validation
rpv2-00023,Field note: Multiple patients are collapsing and responders need to act immediately. pls. by the river.,CRITICAL,biological,1,0,0,1,12,v2_biological_biological_critical_multiple,controlled_synthetic_v2,V2 mixed-disaster scenario family biological_critical_multiple; label reflects contextual rescue urgency.,en,train
rpv2-00763,"Please help, This is a tornado shelter drill and all participants are accounted for. at the apartment block. No further details yet.",LOW,tornado,0,0,0,0,20,v2_tornado_tornado_low_drill,controlled_synthetic_v2,V2 mixed-disaster scenario family tornado_low_drill; label reflects contextual rescue urgency.,en,train
rpv2-00665,Just checking the community channel; there is no active incident. near the market. Please advise.,LOW,societal,0,0,0,0,0,v2_societal_societal_low_check,controlled_synthetic_v2,V2 mixed-disaster scenario family societal_low_check; label reflects contextual rescue urgency.,en,test
rpv2-00842,SOS: A vehicle stopped on the roadside; traffic is moving while no one is hurt. on the east side. This is the current update.,LOW,transportation,0,0,0,0,1,v2_transportation_transport_low_stopped,controlled_synthetic_v2,V2 mixed-disaster scenario family transport_low_stopped; label reflects contextual rescue urgency.,en,test
rpv2-00591,Field note: A person is bleeding severely and unconscious after thee attack. along the main road. This is the current update.,CRITICAL,societal,1,0,0,1,1,v2_societal_societal_critical_bleeding,controlled_synthetic_v2,V2 mixed-disaster scenario family societal_critical_bleeding; label reflects contextual rescue urgency.,en,test
rpv2-00668,Caller says: Just checking the community channel; there is no active incident. by the river. Please advise.,LOW,societal,0,0,0,0,0,v2_societal_societal_low_check,controlled_synthetic_v2,V2 mixed-disaster scenario family societal_low_check; label reflects contextual rescue urgency.,en,test
rpv2-00236,Caller says: A vehicle is surrounded by water and responders should help move the occupants safely. near the market. Please advise.,HIGH,flood,0,0,0,0,4,v2_flood_flood_high_vehicle,controlled_synthetic_v2,V2 mixed-disaster scenario family flood_high_vehicle; label reflects contextual rescue urgency.,en,test
rpv2-00155,"Please help, Shaking damaged the power connection and neighbors need local assistance. by the river.",MEDIUM,earthquake,0,0,0,0,10,v2_earthquake_earthquake_medium_power,controlled_synthetic_v2,V2 mixed-disaster scenario family earthquake_medium_power; label reflects contextual rescue urgency.,en,train
rpv2-00926,Need assistance — Can someone help? a small fire damaged an empty shed and is being contained. near the school. We need the appropriate response.,MEDIUM,wildfire,0,0,1,0,2,v2_wildfire_wildfire_medium_shed,controlled_synthetic_v2,V2 mixed-disaster scenario family wildfire_medium_shed; label reflects contextual rescue urgency.,en,train
rpv2-00154,SOS: Shaking damaged the power connection while neighbors need local assistance. at the apartment block.,MEDIUM,earthquake,0,0,0,0,10,v2_earthquake_earthquake_medium_power,controlled_synthetic_v2,V2 mixed-disaster scenario family earthquake_medium_power; label reflects contextual rescue urgency.,en,train
rpv2-00347,"Please help, Wind damaged part of a roof; everyone is safe but the family is asking for assistance. at the apartment block. This is the current update.",MEDIUM,hurricane,0,0,0,0,4,v2_hurricane_hurricane_medium_roof,controlled_synthetic_v2,V2 mixed-disaster scenario family hurricane_medium_roof; label reflects contextual rescue urgency.,en,train
rpv2-00355,"Please help, Several residents need water after the storm, with no immediate danger reported. near the market.",MEDIUM,hurricane,0,0,0,0,20,v2_hurricane_hurricane_medium_supplies,controlled_synthetic_v2,V2 mixed-disaster scenario family hurricane_medium_supplies; label reflects contextual rescue urgency.,en,train
rpv2-00744,"Report from resident: Third-party report: Debris blocks the road after the tornado, but nobody is injured or trapped. near the market.",MEDIUM,tornado,0,0,0,0,4,v2_tornado_tornado_medium_debris,controlled_synthetic_v2,V2 mixed-disaster scenario family tornado_medium_debris; label reflects contextual rescue urgency.,en,validation
rpv2-00028,Caller says: An outbreak is affecting many residents and urgent public-health support is needed. near the market. We need the appropriate response.,HIGH,biological,0,0,0,1,50,v2_biological_biological_high_outbreak,controlled_synthetic_v2,V2 mixed-disaster scenario family biological_high_outbreak; label reflects contextual rescue urgency.,en,train
rpv2-00579,"Please help, People are trapped inside the damaged facility and need immediate rescue. at the apartment block. We need the appropriate response.",CRITICAL,societal,0,1,0,0,9,v2_societal_societal_critical_trapped,controlled_synthetic_v2,V2 mixed-disaster scenario family societal_critical_trapped; label reflects contextual rescue urgency.,en,train
rpv2-00670,Need assistance — Can someone help? just checking the community channel; there is no active incident. on the east side.,LOW,societal,0,0,0,0,0,v2_societal_societal_low_check,controlled_synthetic_v2,V2 mixed-disaster scenario family societal_low_check; label reflects contextual rescue urgency.,en,test
rpv2-00544,Report from resident: Third-party report: Moderate damage affects the area and residents need a welfare check. at the apartment block. Please advise.,MEDIUM,other,0,0,0,0,15,v2_other_other_medium_damage,controlled_synthetic_v2,V2 mixed-disaster scenario family other_medium_damage; label reflects contextual rescue urgency.,en,train
rpv2-00715,"Please help, Several people have serious injuries after the tornado but are conscious. near the market. This is the current update.",HIGH,tornado,1,0,0,1,6,v2_tornado_tornado_high_injury,controlled_synthetic_v2,V2 mixed-disaster scenario family tornado_high_injury; label reflects contextual rescue urgency.,en,test
rpv2-00909,Update: A serious injury occurred while people evacuated the wildfire area. Please send someone. near the market. Please advise.,HIGH,wildfire,1,0,0,1,3,v2_wildfire_wildfire_high_injury,controlled_synthetic_v2,V2 mixed-disaster scenario family wildfire_high_injury; label reflects contextual rescue urgency.,en,train
rpv2-00272,"Report from resident: Third-party report: News about flooding is circulating, but our street is dry and nobody needs help. along the main road. No further details yet.",LOW,flood,0,0,0,0,0,v2_flood_flood_low_news,controlled_synthetic_v2,V2 mixed-disaster scenario family flood_low_news; label reflects contextual rescue urgency.,en,train
rpv2-00754,"SOS: I am reporting tornado news from another town, not an emergency at this location. on the east side. Please advise.",LOW,tornado,0,0,0,0,0,v2_tornado_tornado_low_news,controlled_synthetic_v2,V2 mixed-disaster scenario family tornado_low_news; label reflects contextual rescue urgency.,en,validation
rpv2-00499,"Please help, A person is severely bleeding and is asking for emergency rescue now. on the east side. Please advise.",CRITICAL,other,1,0,0,1,1,v2_other_other_critical_bleeding,controlled_synthetic_v2,V2 mixed-disaster scenario family other_critical_bleeding; label reflects contextual rescue urgency.,en,train
rpv2-00630,Need assistance — Can someone help? a local disturbance damaged storefronts and businesses need basic assistance. at the apartment block. Please advise.,MEDIUM,societal,0,0,0,0,8,v2_societal_societal_medium_damage,controlled_synthetic_v2,V2 mixed-disaster scenario family societal_medium_damage; label reflects contextual rescue urgency.,en,train
rpv2-00628,Caller says: A local disturbance damaged storefronts and businesses need basic assistance. near the school. This is the current update.,MEDIUM,societal,0,0,0,0,8,v2_societal_societal_medium_damage,controlled_synthetic_v2,V2 mixed-disaster scenario family societal_medium_damage; label reflects contextual rescue urgency.,en,train
rpv2-00660,Caller says: The public event ended peacefully and no assistance is needed. at the apartment block. We need the appropriate response.,LOW,societal,0,0,0,0,100,v2_societal_societal_low_event,controlled_synthetic_v2,V2 mixed-disaster scenario family societal_low_event; label reflects contextual rescue urgency.,en,test
rpv2-00924,Caller says: A small fire damaged an empty shed and is being contained. by the river. No further details yet.,MEDIUM,wildfire,0,0,1,0,2,v2_wildfire_wildfire_medium_shed,controlled_synthetic_v2,V2 mixed-disaster scenario family wildfire_medium_shed; label reflects contextual rescue urgency.,en,train
rpv2-00541,Update: Moderate damage affects the area and residents need a welfare check. Please send someone. along the main road. Please advise.,MEDIUM,other,0,0,0,0,15,v2_other_other_medium_damage,controlled_synthetic_v2,V2 mixed-disaster scenario family other_medium_damage; label reflects contextual rescue urgency.,en,train
rpv2-00042,SOS: Several people are seriously ill but conscious while need urgent medical transport. by the river. No further details yet.,HIGH,biological,1,0,0,1,6,v2_biological_biological_high_injury,controlled_synthetic_v2,V2 mixed-disaster scenario family biological_high_injury; label reflects contextual rescue urgency.,en,train
rpv2-00031,Field note: An outbreak is affecting many residents and urgent public-health support is needed. pls. near the school. This is the current update.,HIGH,biological,0,0,0,1,50,v2_biological_biological_high_outbreak,controlled_synthetic_v2,V2 mixed-disaster scenario family biological_high_outbreak; label reflects contextual rescue urgency.,en,train
rpv2-00150,Need assistance — Can someone help? the earthquake left cracks in one room; residents are safe but need an inspection. on the east side. This is the current update.,MEDIUM,earthquake,0,0,0,0,3,v2_earthquake_earthquake_medium_cracks,controlled_synthetic_v2,V2 mixed-disaster scenario family earthquake_medium_cracks; label reflects contextual rescue urgency.,en,train
rpv2-00824,Report from resident: Third-party report: A minor crash blocks one lane; everyone is conscious and basic assistance is needed. along the main road. No further details yet.,MEDIUM,transportation,0,0,0,0,2,v2_transportation_transport_medium_lane,controlled_synthetic_v2,V2 mixed-disaster scenario family transport_medium_lane; label reflects contextual rescue urgency.,en,train
rpv2-00077,Update: This is a health news update; no one here is ill or requesting help. Please send someone. on the east side.,LOW,biological,0,0,0,0,0,v2_biological_biological_low_news,controlled_synthetic_v2,V2 mixed-disaster scenario family biological_low_news; label reflects contextual rescue urgency.,en,validation
rpv2-00510,Need assistance — Can someone help? a dangerous situation requires evacuation and urgent support for residents. at the apartment block. This is the current update.,HIGH,other,0,0,0,0,20,v2_other_other_high_evacuation,controlled_synthetic_v2,V2 mixed-disaster scenario family other_high_evacuation; label reflects contextual rescue urgency.,en,train
rpv2-00405,Update: A worker is unconscious in the hazardous area and responders cannot reach them. Please send someone. near the market.,CRITICAL,industrial,1,0,0,1,1,v2_industrial_industrial_critical_unconscious,controlled_synthetic_v2,V2 mixed-disaster scenario family industrial_critical_unconscious; label reflects contextual rescue urgency.,en,train
rpv2-00384,"Report from resident: Third-party report: This is a hurricane news update, not a request for rescue. near the market. No further details yet.",LOW,hurricane,0,0,0,0,0,v2_hurricane_hurricane_low_news,controlled_synthetic_v2,V2 mixed-disaster scenario family hurricane_low_news; label reflects contextual rescue urgency.,en,train
rpv2-00529,"A local disruption needs basic assistance, but there is no immediate threat. at the apartment block.",MEDIUM,other,0,0,0,0,4,v2_other_other_medium_help,controlled_synthetic_v2,V2 mixed-disaster scenario family other_medium_help; label reflects contextual rescue urgency.,en,train
rpv2-00708,Caller says: A damaged building is unsafe after the tornado and residents must evacuate. on the east side. We need the appropriate response.,HIGH,tornado,0,0,0,0,14,v2_tornado_tornado_high_evacuation,controlled_synthetic_v2,V2 mixed-disaster scenario family tornado_high_evacuation; label reflects contextual rescue urgency.,en,train
rpv2-00646,Need assistance — Can someone help? one person has a minor injury after the disturbance and needs assistance. at the apartment block. This is the current update.,MEDIUM,societal,1,0,0,1,1,v2_societal_societal_medium_injury,controlled_synthetic_v2,V2 mixed-disaster scenario family societal_medium_injury; label reflects contextual rescue urgency.,en,train
rpv2-00043,"Please help, Several people are seriously ill but conscious and need urgent medical transport. at the apartment block. We need the appropriate response.",HIGH,biological,1,0,0,1,6,v2_biological_biological_high_injury,controlled_synthetic_v2,V2 mixed-disaster scenario family biological_high_injury; label reflects contextual rescue urgency.,en,train
rpv2-00325,Update: Strong winds damaged the shelter; residents are outside and need urgent relocation. Please send someone. near the school. Please advise.,HIGH,hurricane,0,0,0,0,25,v2_hurricane_hurricane_high_wind,controlled_synthetic_v2,V2 mixed-disaster scenario family hurricane_high_wind; label reflects contextual rescue urgency.,en,train
rpv2-00002,SOS: Several people are unconscious during the severe outbreak while need emergency care. along the main road. No further details yet.,CRITICAL,biological,1,0,0,1,7,v2_biological_biological_critical_unconscious,controlled_synthetic_v2,V2 mixed-disaster scenario family biological_critical_unconscious; label reflects contextual rescue urgency.,en,train
rpv2-00111,Field note: An unconscious person is inside thee damaged structure and responders cannot reach them. along the main road. We need the appropriate response.,CRITICAL,earthquake,1,0,0,1,1,v2_earthquake_earthquake_critical_unconscious,controlled_synthetic_v2,V2 mixed-disaster scenario family earthquake_critical_unconscious; label reflects contextual rescue urgency.,en,validation
rpv2-00737,"Debris blocks the road after the tornado, but nobody is injured or trapped. near the market. No further details yet.",MEDIUM,tornado,0,0,0,0,4,v2_tornado_tornado_medium_debris,controlled_synthetic_v2,V2 mixed-disaster scenario family tornado_medium_debris; label reflects contextual rescue urgency.,en,validation
rpv2-00460,Caller says: The fire drill at the plant is finished and everyone is safe. on the east side. We need the appropriate response.,LOW,industrial,0,0,1,0,40,v2_industrial_industrial_low_drill,controlled_synthetic_v2,V2 mixed-disaster scenario family industrial_low_drill; label reflects contextual rescue urgency.,en,train
rpv2-00661,Update: The public event ended peacefully and no assistance is needed. Please send someone. by the river. No further details yet.,LOW,societal,0,0,0,0,100,v2_societal_societal_low_event,controlled_synthetic_v2,V2 mixed-disaster scenario family societal_low_event; label reflects contextual rescue urgency.,en,test
rpv2-00733,Update: Several streets lost power after the tornado; residents need local support. Please send someone. by the river. We need the appropriate response.,MEDIUM,tornado,0,0,0,0,30,v2_tornado_tornado_medium_power,controlled_synthetic_v2,V2 mixed-disaster scenario family tornado_medium_power; label reflects contextual rescue urgency.,en,validation
rpv2-00683,"Please help, An unconscious person is in the damaged shelter after the tornado. near the school. This is the current update.",CRITICAL,tornado,1,0,0,1,1,v2_tornado_tornado_critical_unconscious,controlled_synthetic_v2,V2 mixed-disaster scenario family tornado_critical_unconscious; label reflects contextual rescue urgency.,en,train
rpv2-00263,"Field note: Water is affecting several homes and people need supplies, but everyone is safe. pls. by the river. We need the appropriate response.",MEDIUM,flood,0,0,0,0,8,v2_flood_flood_medium_supplies,controlled_synthetic_v2,V2 mixed-disaster scenario family flood_medium_supplies; label reflects contextual rescue urgency.,en,test
rpv2-00780,Caller says: A passenger is bleeding severely after the collision and is losing consciousness. near the market. Please advise.,CRITICAL,transportation,1,0,0,1,1,v2_transportation_transport_critical_bleeding,controlled_synthetic_v2,V2 mixed-disaster scenario family transport_critical_bleeding; label reflects contextual rescue urgency.,en,test
rpv2-00298,SOS: A resident is bleeding badly after debris struck them; immediate medical help is needed. along the main road. Please advise.,CRITICAL,hurricane,1,0,0,1,1,v2_hurricane_hurricane_critical_bleeding,controlled_synthetic_v2,V2 mixed-disaster scenario family hurricane_critical_bleeding; label reflects contextual rescue urgency.,en,train
rpv2-00022,Need assistance — Can someone help? multiple patients are collapsing and responders need to act immediately. near the school.,CRITICAL,biological,1,0,0,1,12,v2_biological_biological_critical_multiple,controlled_synthetic_v2,V2 mixed-disaster scenario family biological_critical_multiple; label reflects contextual rescue urgency.,en,train
rpv2-00859,"Please help, The station evacuation drill is complete and everyone is safe. by the river. This is the current update.",LOW,transportation,0,0,0,0,30,v2_transportation_transport_low_drill,controlled_synthetic_v2,V2 mixed-disaster scenario family transport_low_drill; label reflects contextual rescue urgency.,en,train
rpv2-00569,"The situation sounds serious in the news, but everyone at this location is safe. near the market. No further details yet.",LOW,other,0,0,0,0,2,v2_other_other_low_safe,controlled_synthetic_v2,V2 mixed-disaster scenario family other_low_safe; label reflects contextual rescue urgency.,en,train
rpv2-00493,Update: An unconscious person needs immediate medical help at the scene. Please send someone. along the main road. We need the appropriate response.,CRITICAL,other,1,0,0,1,1,v2_other_other_critical_unconscious,controlled_synthetic_v2,V2 mixed-disaster scenario family other_critical_unconscious; label reflects contextual rescue urgency.,en,train
rpv2-00360,"Report from resident: Third-party report: Several residents need water after the storm, with no immediate danger reported. at the apartment block. No further details yet.",MEDIUM,hurricane,0,0,0,0,20,v2_hurricane_hurricane_medium_supplies,controlled_synthetic_v2,V2 mixed-disaster scenario family hurricane_medium_supplies; label reflects contextual rescue urgency.,en,train
rpv2-00603,"Please help, A dangerous disturbance requires residents to evacuate the public facility. near the market. We need the appropriate response.",HIGH,societal,0,0,0,0,40,v2_societal_societal_high_evacuation,controlled_synthetic_v2,V2 mixed-disaster scenario family societal_high_evacuation; label reflects contextual rescue urgency.,en,train
rpv2-00781,Update: A passenger is bleeding severely after the collision and is losing consciousness. Please send someone. on the east side. This is the current update.,CRITICAL,transportation,1,0,0,1,1,v2_transportation_transport_critical_bleeding,controlled_synthetic_v2,V2 mixed-disaster scenario family transport_critical_bleeding; label reflects contextual rescue urgency.,en,test
rpv2-00186,SOS: The earthquake preparedness drill is complete; this is not an emergency. along the main road. Please advise.,LOW,earthquake,0,0,0,0,0,v2_earthquake_earthquake_low_drill,controlled_synthetic_v2,V2 mixed-disaster scenario family earthquake_low_drill; label reflects contextual rescue urgency.,en,train
rpv2-00189,Update: The earthquake preparedness drill is complete; this is not an emergency. Please send someone. on the east side. We need the appropriate response.,LOW,earthquake,0,0,0,0,0,v2_earthquake_earthquake_low_drill,controlled_synthetic_v2,V2 mixed-disaster scenario family earthquake_low_drill; label reflects contextual rescue urgency.,en,train
rpv2-00200,Report from resident: Third-party report: Several people are trapped by rapidly rising floodwater and cannot get out. at the apartment block. This is the current update.,CRITICAL,flood,0,1,0,0,6,v2_flood_flood_critical_trapped,controlled_synthetic_v2,V2 mixed-disaster scenario family flood_critical_trapped; label reflects contextual rescue urgency.,en,test
rpv2-00383,"Field note: This is a hurricane news update, not a request for rescue. pls. near the school. This is the current update.",LOW,hurricane,0,0,0,0,0,v2_hurricane_hurricane_low_news,controlled_synthetic_v2,V2 mixed-disaster scenario family hurricane_low_news; label reflects contextual rescue urgency.,en,train
rpv2-00164,"Caller says: A wall is partly damaged and the family needs temporary support, not rescue. at the apartment block. No further details yet.",MEDIUM,earthquake,0,0,0,0,4,v2_earthquake_earthquake_medium_wall,controlled_synthetic_v2,V2 mixed-disaster scenario family earthquake_medium_wall; label reflects contextual rescue urgency.,en,test
rpv2-00960,Report from resident: Third-party report: The wildfire evacuation drill ended normally and no one needs help. by the river. This is the current update.,LOW,wildfire,0,0,0,0,12,v2_wildfire_wildfire_low_drill,controlled_synthetic_v2,V2 mixed-disaster scenario family wildfire_low_drill; label reflects contextual rescue urgency.,en,train
rpv2-00485,Update: Several people are trapped and cannot escape; immediate rescue is required. Please send someone. near the market. We need the appropriate response.,CRITICAL,other,0,1,0,0,6,v2_other_other_critical_trapped,controlled_synthetic_v2,V2 mixed-disaster scenario family other_critical_trapped; label reflects contextual rescue urgency.,en,train
rpv2-00687,Field note: An unconscious person is in thee damaged shelter after the tornado. at the apartment block. This is the current update.,CRITICAL,tornado,1,0,0,1,1,v2_tornado_tornado_critical_unconscious,controlled_synthetic_v2,V2 mixed-disaster scenario family tornado_critical_unconscious; label reflects contextual rescue urgency.,en,train
rpv2-00135,Field note: Several homes are unsafe after thee quake; residents need urgent shelter. by the river. No further details yet.,HIGH,earthquake,0,0,0,0,22,v2_earthquake_earthquake_high_shelter,controlled_synthetic_v2,V2 mixed-disaster scenario family earthquake_high_shelter; label reflects contextual rescue urgency.,en,train
rpv2-00032,Report from resident: Third-party report: An outbreak is affecting many residents and urgent public-health support is needed. near the market. Please advise.,HIGH,biological,0,0,0,1,50,v2_biological_biological_high_outbreak,controlled_synthetic_v2,V2 mixed-disaster scenario family biological_high_outbreak; label reflects contextual rescue urgency.,en,train
rpv2-00934,"Need assistance — Can someone help? smoke closed a local road, but residents are safe and need transport advice. near the market.",MEDIUM,wildfire,0,0,0,0,8,v2_wildfire_wildfire_medium_route,controlled_synthetic_v2,V2 mixed-disaster scenario family wildfire_medium_route; label reflects contextual rescue urgency.,en,train
rpv2-00247,"Field note: Floodwater entered thee yard and we need basic assistance, but nobody is trapped. on the east side. We need the appropriate response.",MEDIUM,flood,0,0,0,0,2,v2_flood_flood_medium_home,controlled_synthetic_v2,V2 mixed-disaster scenario family flood_medium_home; label reflects contextual rescue urgency.,en,train
rpv2-00353,"Several residents need water after the storm, with no immediate danger reported. at the apartment block. This is the current update.",MEDIUM,hurricane,0,0,0,0,20,v2_hurricane_hurricane_medium_supplies,controlled_synthetic_v2,V2 mixed-disaster scenario family hurricane_medium_supplies; label reflects contextual rescue urgency.,en,train
rpv2-00062,Need assistance — Can someone help? a local clinic needs basic supplies for patients with stable illness. along the main road. No further details yet.,MEDIUM,biological,0,0,0,1,20,v2_biological_biological_medium_clinic,controlled_synthetic_v2,V2 mixed-disaster scenario family biological_medium_clinic; label reflects contextual rescue urgency.,en,train
rpv2-00728,Report from resident: Third-party report: The tornado damaged a roof and the household needs repair assistance. near the market. This is the current update.,MEDIUM,tornado,0,0,0,0,3,v2_tornado_tornado_medium_roof,controlled_synthetic_v2,V2 mixed-disaster scenario family tornado_medium_roof; label reflects contextual rescue urgency.,en,train
rpv2-00340,Caller says: The hurricane caused a local power outage and residents need basic support. near the school.,MEDIUM,hurricane,0,0,0,0,15,v2_hurricane_hurricane_medium_power,controlled_synthetic_v2,V2 mixed-disaster scenario family hurricane_medium_power; label reflects contextual rescue urgency.,en,train
rpv2-00457,The fire drill at the plant is finished and everyone is safe. by the river. This is the current update.,LOW,industrial,0,0,1,0,40,v2_industrial_industrial_low_drill,controlled_synthetic_v2,V2 mixed-disaster scenario family industrial_low_drill; label reflects contextual rescue urgency.,en,train
rpv2-00394,SOS: Multiple workers are severely burned after the explosion while need emergency care. near the market. We need the appropriate response.,CRITICAL,industrial,1,0,1,1,8,v2_industrial_industrial_critical_burns,controlled_synthetic_v2,V2 mixed-disaster scenario family industrial_critical_burns; label reflects contextual rescue urgency.,en,train
rpv2-00655,Field note: This is a report about unrest elsewhere; our area is calm and safe. pls. by the river. No further details yet.,LOW,societal,0,0,0,0,0,v2_societal_societal_low_news,controlled_synthetic_v2,V2 mixed-disaster scenario family societal_low_news; label reflects contextual rescue urgency.,en,test
rpv2-00364,"Caller says: The hurricane forecast is being discussed, but our area is unaffected and safe. on the east side. We need the appropriate response.",LOW,hurricane,0,0,0,0,0,v2_hurricane_hurricane_low_forecast,controlled_synthetic_v2,V2 mixed-disaster scenario family hurricane_low_forecast; label reflects contextual rescue urgency.,en,train
rpv2-00047,Field note: Several people are seriously ill but conscious and need urgent medical transport. pls. on the east side. No further details yet.,HIGH,biological,1,0,0,1,6,v2_biological_biological_high_injury,controlled_synthetic_v2,V2 mixed-disaster scenario family biological_high_injury; label reflects contextual rescue urgency.,en,train
rpv2-00825,A bus breakdown has stranded passengers who need local support. near the school. We need the appropriate response.,MEDIUM,transportation,0,0,0,0,16,v2_transportation_transport_medium_delay,controlled_synthetic_v2,V2 mixed-disaster scenario family transport_medium_delay; label reflects contextual rescue urgency.,en,train
rpv2-00215,Field note: Floodwater swept through thee building; injured residents need immediate rescue. by the river.,CRITICAL,flood,1,0,0,1,7,v2_flood_flood_critical_injured,controlled_synthetic_v2,V2 mixed-disaster scenario family flood_critical_injured; label reflects contextual rescue urgency.,en,train
rpv2-00767,Field note: This is a tornado shelter drill and all participants are accounted for. pls. near the school. This is the current update.,LOW,tornado,0,0,0,0,20,v2_tornado_tornado_low_drill,controlled_synthetic_v2,V2 mixed-disaster scenario family tornado_low_drill; label reflects contextual rescue urgency.,en,train
rpv2-00643,"Please help, One person has a minor injury after the disturbance and is asking for assistance. along the main road. This is the current update.",MEDIUM,societal,1,0,0,1,1,v2_societal_societal_medium_injury,controlled_synthetic_v2,V2 mixed-disaster scenario family societal_medium_injury; label reflects contextual rescue urgency.,en,train
rpv2-00855,"Field note: This is transportation news, not an accident requiring responders. pls. near the school. This is the current update.",LOW,transportation,0,0,0,0,0,v2_transportation_transport_low_news,controlled_synthetic_v2,V2 mixed-disaster scenario family transport_low_news; label reflects contextual rescue urgency.,en,train
rpv2-00735,Field note: Several streets lost power after thee tornado; residents need local support. near the market.,MEDIUM,tornado,0,0,0,0,30,v2_tornado_tornado_medium_power,controlled_synthetic_v2,V2 mixed-disaster scenario family tornado_medium_power; label reflects contextual rescue urgency.,en,validation
rpv2-00536,"Report from resident: Third-party report: A local disruption needs basic assistance, but there is no immediate threat. near the market. We need the appropriate response.",MEDIUM,other,0,0,0,0,4,v2_other_other_medium_help,controlled_synthetic_v2,V2 mixed-disaster scenario family other_medium_help; label reflects contextual rescue urgency.,en,train
rpv2-00525,Update: A serious injury requires urgent response; the person is conscious and stable. Please send someone. by the river. No further details yet.,HIGH,other,1,0,0,1,1,v2_other_other_high_injury,controlled_synthetic_v2,V2 mixed-disaster scenario family other_high_injury; label reflects contextual rescue urgency.,en,train
rpv2-00401,A worker is unconscious in the hazardous area and responders cannot reach them. by the river. This is the current update.,CRITICAL,industrial,1,0,0,1,1,v2_industrial_industrial_critical_unconscious,controlled_synthetic_v2,V2 mixed-disaster scenario family industrial_critical_unconscious; label reflects contextual rescue urgency.,en,train
rpv2-00260,"Caller says: Water is affecting several homes and residents need supplies, but everyone is safe. by the river. Please advise.",MEDIUM,flood,0,0,0,0,8,v2_flood_flood_medium_supplies,controlled_synthetic_v2,V2 mixed-disaster scenario family flood_medium_supplies; label reflects contextual rescue urgency.,en,test
rpv2-00265,"News about flooding is circulating, but our street is dry and nobody needs help. on the east side. This is the current update.",LOW,flood,0,0,0,0,0,v2_flood_flood_low_news,controlled_synthetic_v2,V2 mixed-disaster scenario family flood_low_news; label reflects contextual rescue urgency.,en,train
rpv2-00723,"Please help, The tornado damaged a roof and the household is asking for repair assistance. along the main road. No further details yet.",MEDIUM,tornado,0,0,0,0,3,v2_tornado_tornado_medium_roof,controlled_synthetic_v2,V2 mixed-disaster scenario family tornado_medium_roof; label reflects contextual rescue urgency.,en,train
rpv2-00640,Report from resident: Third-party report: A crowd has closed the route and residents need information and support. near the school. We need the appropriate response.,MEDIUM,societal,0,0,0,0,30,v2_societal_societal_medium_route,controlled_synthetic_v2,V2 mixed-disaster scenario family societal_medium_route; label reflects contextual rescue urgency.,en,test
rpv2-00220,Caller says: Floodwater is rising toward several houses and an evacuation is needed. on the east side. No further details yet.,HIGH,flood,0,0,0,0,18,v2_flood_flood_high_evacuation,controlled_synthetic_v2,V2 mixed-disaster scenario family flood_high_evacuation; label reflects contextual rescue urgency.,en,validation
rpv2-00638,Need assistance — Can someone help? a crowd has closed the route and residents need information and support. near the market. No further details yet.,MEDIUM,societal,0,0,0,0,30,v2_societal_societal_medium_route,controlled_synthetic_v2,V2 mixed-disaster scenario family societal_medium_route; label reflects contextual rescue urgency.,en,test
rpv2-00051,"Please help, Several residents have mild symptoms and need a health information point. near the market.",MEDIUM,biological,0,0,0,1,8,v2_biological_biological_medium_symptoms,controlled_synthetic_v2,V2 mixed-disaster scenario family biological_medium_symptoms; label reflects contextual rescue urgency.,en,train
rpv2-00562,SOS: I am sharing information about an unusual event; there is no emergency here. along the main road. Please advise.,LOW,other,0,0,0,0,0,v2_other_other_low_news,controlled_synthetic_v2,V2 mixed-disaster scenario family other_low_news; label reflects contextual rescue urgency.,en,train
rpv2-00201,A child and two adults are stranded on a roof; immediate water rescue is required. on the east side.,CRITICAL,flood,0,1,0,0,3,v2_flood_flood_critical_rescue,controlled_synthetic_v2,V2 mixed-disaster scenario family flood_critical_rescue; label reflects contextual rescue urgency.,en,train
rpv2-00333,Update: A serious injury occurred during the storm; the person is conscious but needs urgent care. Please send someone. near the school. We need the appropriate response.,HIGH,hurricane,1,0,0,1,1,v2_hurricane_hurricane_high_injury,controlled_synthetic_v2,V2 mixed-disaster scenario family hurricane_high_injury; label reflects contextual rescue urgency.,en,train
rpv2-00823,Field note: A minor crash blocks one lane; everyone is conscious and basic assistance is needed. pls. on the east side. We need the appropriate response.,MEDIUM,transportation,0,0,0,0,2,v2_transportation_transport_medium_lane,controlled_synthetic_v2,V2 mixed-disaster scenario family transport_medium_lane; label reflects contextual rescue urgency.,en,train
rpv2-00014,Need assistance — Can someone help? a patient is struggling to breathe and needs immediate medical rescue. at the apartment block. No further details yet.,CRITICAL,biological,1,0,0,1,1,v2_biological_biological_critical_breathing,controlled_synthetic_v2,V2 mixed-disaster scenario family biological_critical_breathing; label reflects contextual rescue urgency.,en,test
rpv2-00730,SOS: Several streets lost power after the tornado; residents need local support. near the market.,MEDIUM,tornado,0,0,0,0,30,v2_tornado_tornado_medium_power,controlled_synthetic_v2,V2 mixed-disaster scenario family tornado_medium_power; label reflects contextual rescue urgency.,en,validation
rpv2-00098,SOS: The building collapsed while people are trapped under debris; send rescue now. at the apartment block.,CRITICAL,earthquake,1,1,0,1,8,v2_earthquake_earthquake_critical_collapse,controlled_synthetic_v2,V2 mixed-disaster scenario family earthquake_critical_collapse; label reflects contextual rescue urgency.,en,train
rpv2-00304,Report from resident: Third-party report: A resident is bleeding badly after debris struck them; immediate medical help is needed. on the east side.,CRITICAL,hurricane,1,0,0,1,1,v2_hurricane_hurricane_critical_bleeding,controlled_synthetic_v2,V2 mixed-disaster scenario family hurricane_critical_bleeding; label reflects contextual rescue urgency.,en,train
rpv2-00818,SOS: A minor crash blocks one lane; everyone is conscious while basic assistance is needed. near the school. No further details yet.,MEDIUM,transportation,0,0,0,0,2,v2_transportation_transport_medium_lane,controlled_synthetic_v2,V2 mixed-disaster scenario family transport_medium_lane; label reflects contextual rescue urgency.,en,train
rpv2-00033,Residents must leave the exposed building for treatment and safe shelter. by the river. This is the current update.,HIGH,biological,0,0,0,1,20,v2_biological_biological_high_evacuation,controlled_synthetic_v2,V2 mixed-disaster scenario family biological_high_evacuation; label reflects contextual rescue urgency.,en,test
rpv2-00522,SOS: A serious injury requires urgent response; the person is conscious while stable. near the school. No further details yet.,HIGH,other,1,0,0,1,1,v2_other_other_high_injury,controlled_synthetic_v2,V2 mixed-disaster scenario family other_high_injury; label reflects contextual rescue urgency.,en,train
rpv2-00775,Field note: Passengers are trapped in thee overturned bus and need immediate rescue. by the river. Please advise.,CRITICAL,transportation,1,1,0,1,9,v2_transportation_transport_critical_trapped,controlled_synthetic_v2,V2 mixed-disaster scenario family transport_critical_trapped; label reflects contextual rescue urgency.,en,train
rpv2-00672,Report from resident: Third-party report: Just checking the community channel; there is no active incident. near the market. We need the appropriate response.,LOW,societal,0,0,0,0,0,v2_societal_societal_low_check,controlled_synthetic_v2,V2 mixed-disaster scenario family societal_low_check; label reflects contextual rescue urgency.,en,test
rpv2-00241,"Floodwater entered the yard and we need basic assistance, but nobody is trapped. at the apartment block. This is the current update.",MEDIUM,flood,0,0,0,0,2,v2_flood_flood_medium_home,controlled_synthetic_v2,V2 mixed-disaster scenario family flood_medium_home; label reflects contextual rescue urgency.,en,train
rpv2-00093,Update: The public-health exercise ended safely and all participants are accounted for. Please send someone. along the main road. No further details yet.,LOW,biological,0,0,0,0,25,v2_biological_biological_low_drill,controlled_synthetic_v2,V2 mixed-disaster scenario family biological_low_drill; label reflects contextual rescue urgency.,en,validation
rpv2-00805,Update: A train derailment damaged the carriage and passengers need urgent evacuation. Please send someone. on the east side. We need the appropriate response.,HIGH,transportation,0,0,0,0,40,v2_transportation_transport_high_derail,controlled_synthetic_v2,V2 mixed-disaster scenario family transport_high_derail; label reflects contextual rescue urgency.,en,train
rpv2-00049,Several residents have mild symptoms and need a health information point. on the east side. We need the appropriate response.,MEDIUM,biological,0,0,0,1,8,v2_biological_biological_medium_symptoms,controlled_synthetic_v2,V2 mixed-disaster scenario family biological_medium_symptoms; label reflects contextual rescue urgency.,en,train
rpv2-00533,"Update: A local disruption needs basic assistance, but there is no immediate threat. Please send someone. at the apartment block.",MEDIUM,other,0,0,0,0,4,v2_other_other_medium_help,controlled_synthetic_v2,V2 mixed-disaster scenario family other_medium_help; label reflects contextual rescue urgency.,en,train
rpv2-00175,Field note: I am sharing earthquake news; this location has no damage and everyone is safe. pls. on the east side. Please advise.,LOW,earthquake,0,0,0,0,0,v2_earthquake_earthquake_low_news,controlled_synthetic_v2,V2 mixed-disaster scenario family earthquake_low_news; label reflects contextual rescue urgency.,en,train
rpv2-00116,Caller says: Multiple residents are severely injured after the collapse and need immediate medical rescue. near the school. This is the current update.,CRITICAL,earthquake,1,0,0,1,12,v2_earthquake_earthquake_critical_multiple,controlled_synthetic_v2,V2 mixed-disaster scenario family earthquake_critical_multiple; label reflects contextual rescue urgency.,en,train
rpv2-00704,Report from resident: Third-party report: The tornado damaged multiple homes and residents need urgent shelter support. near the school.,HIGH,tornado,0,0,0,0,20,v2_tornado_tornado_high_homes,controlled_synthetic_v2,V2 mixed-disaster scenario family tornado_high_homes; label reflects contextual rescue urgency.,en,train
rpv2-00447,Field note: A small chemical spill closed one room; nobody is hurt and cleanup is needed. pls. near the school. This is the current update.,MEDIUM,industrial,0,0,0,0,3,v2_industrial_industrial_medium_spill,controlled_synthetic_v2,V2 mixed-disaster scenario family industrial_medium_spill; label reflects contextual rescue urgency.,en,test
rpv2-00222,Need assistance — Can someone help? floodwater is rising toward several houses and an evacuation is needed. near the market. We need the appropriate response.,HIGH,flood,0,0,0,0,18,v2_flood_flood_high_evacuation,controlled_synthetic_v2,V2 mixed-disaster scenario family flood_high_evacuation; label reflects contextual rescue urgency.,en,validation
rpv2-00650,SOS: This is a report about unrest elsewhere; our area is calm while safe. by the river. We need the appropriate response.,LOW,societal,0,0,0,0,0,v2_societal_societal_low_news,controlled_synthetic_v2,V2 mixed-disaster scenario family societal_low_news; label reflects contextual rescue urgency.,en,test
rpv2-00322,SOS: Strong winds damaged the shelter; residents are outside while need urgent relocation. near the market. No further details yet.,HIGH,hurricane,0,0,0,0,25,v2_hurricane_hurricane_high_wind,controlled_synthetic_v2,V2 mixed-disaster scenario family hurricane_high_wind; label reflects contextual rescue urgency.,en,train
rpv2-00532,"Caller says: A local disruption needs basic assistance, but there is no immediate threat. on the east side. Please advise.",MEDIUM,other,0,0,0,0,4,v2_other_other_medium_help,controlled_synthetic_v2,V2 mixed-disaster scenario family other_medium_help; label reflects contextual rescue urgency.,en,train
rpv2-00256,Report from resident: Third-party report: A flooded road has closed the local route; residents need a welfare check. by the river. We need the appropriate response.,MEDIUM,flood,0,0,0,0,5,v2_flood_flood_medium_route,controlled_synthetic_v2,V2 mixed-disaster scenario family flood_medium_route; label reflects contextual rescue urgency.,en,validation
rpv2-00765,Update: This is a tornado shelter drill and all participants are accounted for. Please send someone. by the river.,LOW,tornado,0,0,0,0,20,v2_tornado_tornado_low_drill,controlled_synthetic_v2,V2 mixed-disaster scenario family tornado_low_drill; label reflects contextual rescue urgency.,en,train
rpv2-00755,"Please help, I am reporting tornado news from another town, not an emergency at this location. near the school. Please advise.",LOW,tornado,0,0,0,0,0,v2_tornado_tornado_low_news,controlled_synthetic_v2,V2 mixed-disaster scenario family tornado_low_news; label reflects contextual rescue urgency.,en,validation
rpv2-00857,The station evacuation drill is complete and everyone is safe. near the school. Please advise.,LOW,transportation,0,0,0,0,30,v2_transportation_transport_low_drill,controlled_synthetic_v2,V2 mixed-disaster scenario family transport_low_drill; label reflects contextual rescue urgency.,en,train
rpv2-00915,"Please help, Wildfire smoke is affecting the neighborhood and residents need masks. near the market. Please advise.",MEDIUM,wildfire,0,0,0,0,25,v2_wildfire_wildfire_medium_smoke,controlled_synthetic_v2,V2 mixed-disaster scenario family wildfire_medium_smoke; label reflects contextual rescue urgency.,en,train
rpv2-00295,Field note: The hurricane destroyed thee house and two residents are trapped inside. at the apartment block. We need the appropriate response.,CRITICAL,hurricane,0,1,0,0,2,v2_hurricane_hurricane_critical_trapped,controlled_synthetic_v2,V2 mixed-disaster scenario family hurricane_critical_trapped; label reflects contextual rescue urgency.,en,train
rpv2-00882,SOS: The fire blocked both exits while a family cannot escape. at the apartment block. This is the current update.,CRITICAL,wildfire,0,1,1,0,4,v2_wildfire_wildfire_critical_escape,controlled_synthetic_v2,V2 mixed-disaster scenario family wildfire_critical_escape; label reflects contextual rescue urgency.,en,train
rpv2-00757,"Update: I am reporting tornado news from another town, not an emergency at this location. Please send someone. near the market. No further details yet.",LOW,tornado,0,0,0,0,0,v2_tornado_tornado_low_news,controlled_synthetic_v2,V2 mixed-disaster scenario family tornado_low_news; label reflects contextual rescue urgency.,en,validation
rpv2-00785,An active vehicle fire has people trapped inside. along the main road. This is the current update.,CRITICAL,transportation,0,1,1,0,5,v2_transportation_transport_critical_fire,controlled_synthetic_v2,V2 mixed-disaster scenario family transport_critical_fire; label reflects contextual rescue urgency.,en,test
rpv2-00428,Caller says: A worker has a serious injury after the machinery accident and needs urgent care. by the river. Please advise.,HIGH,industrial,1,0,0,1,1,v2_industrial_industrial_high_injury,controlled_synthetic_v2,V2 mixed-disaster scenario family industrial_high_injury; label reflects contextual rescue urgency.,en,train
rpv2-00844,Caller says: A vehicle stopped on the roadside; traffic is moving and no one is hurt. along the main road. We need the appropriate response.,LOW,transportation,0,0,0,0,1,v2_transportation_transport_low_stopped,controlled_synthetic_v2,V2 mixed-disaster scenario family transport_low_stopped; label reflects contextual rescue urgency.,en,test
rpv2-00833,One person has a painful but stable injury after a collision. along the main road. No further details yet.,MEDIUM,transportation,1,0,0,1,1,v2_transportation_transport_medium_injury,controlled_synthetic_v2,V2 mixed-disaster scenario family transport_medium_injury; label reflects contextual rescue urgency.,en,train
rpv2-00625,A local disturbance damaged storefronts and businesses need basic assistance. by the river. We need the appropriate response.,MEDIUM,societal,0,0,0,0,8,v2_societal_societal_medium_damage,controlled_synthetic_v2,V2 mixed-disaster scenario family societal_medium_damage; label reflects contextual rescue urgency.,en,train
rpv2-00573,"Update: The situation sounds serious in the news, but everyone at this location is safe. Please send someone. along the main road. Please advise.",LOW,other,0,0,0,0,2,v2_other_other_low_safe,controlled_synthetic_v2,V2 mixed-disaster scenario family other_low_safe; label reflects contextual rescue urgency.,en,train
rpv2-00761,This is a tornado shelter drill and all participants are accounted for. along the main road. We need the appropriate response.,LOW,tornado,0,0,0,0,20,v2_tornado_tornado_low_drill,controlled_synthetic_v2,V2 mixed-disaster scenario family tornado_low_drill; label reflects contextual rescue urgency.,en,train
rpv2-00465,This is an industrial accident news report; no emergency is happening here. near the market. This is the current update.,LOW,industrial,0,0,0,0,0,v2_industrial_industrial_low_news,controlled_synthetic_v2,V2 mixed-disaster scenario family industrial_low_news; label reflects contextual rescue urgency.,en,train
rpv2-00041,Several people are seriously ill but conscious and need urgent medical transport. near the school.,HIGH,biological,1,0,0,1,6,v2_biological_biological_high_injury,controlled_synthetic_v2,V2 mixed-disaster scenario family biological_high_injury; label reflects contextual rescue urgency.,en,train
rpv2-00096,Report from resident: Third-party report: The public-health exercise ended safely and all participants are accounted for. near the school. We need the appropriate response.,LOW,biological,0,0,0,0,25,v2_biological_biological_low_drill,controlled_synthetic_v2,V2 mixed-disaster scenario family biological_low_drill; label reflects contextual rescue urgency.,en,validation
rpv2-00693,Update: The tornado destroyed the building and multiple residents are severely injured. Please send someone. at the apartment block. Please advise.,CRITICAL,tornado,1,0,0,1,10,v2_tornado_tornado_critical_collapse,controlled_synthetic_v2,V2 mixed-disaster scenario family tornado_critical_collapse; label reflects contextual rescue urgency.,en,train
rpv2-00058,SOS: A local clinic needs basic supplies for patients with stable illness. at the apartment block. This is the current update.,MEDIUM,biological,0,0,0,1,20,v2_biological_biological_medium_clinic,controlled_synthetic_v2,V2 mixed-disaster scenario family biological_medium_clinic; label reflects contextual rescue urgency.,en,train
rpv2-00171,"Please help, I am sharing earthquake news; this location has no damage and everyone is safe. at the apartment block. Please advise.",LOW,earthquake,0,0,0,0,0,v2_earthquake_earthquake_low_news,controlled_synthetic_v2,V2 mixed-disaster scenario family earthquake_low_news; label reflects contextual rescue urgency.,en,train
rpv2-00380,"Caller says: This is a hurricane news update, not a request for rescue. along the main road. Please advise.",LOW,hurricane,0,0,0,0,0,v2_hurricane_hurricane_low_news,controlled_synthetic_v2,V2 mixed-disaster scenario family hurricane_low_news; label reflects contextual rescue urgency.,en,train
rpv2-00066,SOS: The neighborhood needs screening after an outbreak report; no immediate danger is reported. along the main road. No further details yet.,MEDIUM,biological,0,0,0,1,40,v2_biological_biological_medium_screening,controlled_synthetic_v2,V2 mixed-disaster scenario family biological_medium_screening; label reflects contextual rescue urgency.,en,train
rpv2-00902,Need assistance — Can someone help? fire damaged part of the building; everyone evacuated safely but support is needed. by the river. We need the appropriate response.,HIGH,wildfire,0,0,1,0,9,v2_wildfire_wildfire_high_damage,controlled_synthetic_v2,V2 mixed-disaster scenario family wildfire_high_damage; label reflects contextual rescue urgency.,en,train
rpv2-00415,Field note: A building fire requires evacuation; everyone is outside but support is needed. pls. on the east side. This is the current update.,HIGH,industrial,0,0,1,0,18,v2_industrial_industrial_high_fire,controlled_synthetic_v2,V2 mixed-disaster scenario family industrial_high_fire; label reflects contextual rescue urgency.,en,train
rpv2-00341,Update: The hurricane caused a local power outage and residents need basic support. Please send someone. at the apartment block. No further details yet.,MEDIUM,hurricane,0,0,0,0,15,v2_hurricane_hurricane_medium_power,controlled_synthetic_v2,V2 mixed-disaster scenario family hurricane_medium_power; label reflects contextual rescue urgency.,en,train
rpv2-00306,SOS: The storm collapsed a structure with people inside; rescue teams are urgently required. on the east side. We need the appropriate response.,CRITICAL,hurricane,0,1,0,0,7,v2_hurricane_hurricane_critical_collapse,controlled_synthetic_v2,V2 mixed-disaster scenario family hurricane_critical_collapse; label reflects contextual rescue urgency.,en,validation
rpv2-00773,Update: Passengers are trapped in the overturned bus and need immediate rescue. Please send someone. by the river. This is the current update.,CRITICAL,transportation,1,1,0,1,9,v2_transportation_transport_critical_trapped,controlled_synthetic_v2,V2 mixed-disaster scenario family transport_critical_trapped; label reflects contextual rescue urgency.,en,train
rpv2-00877,Update: Several people have severe burns and need immediate medical rescue. Please send someone. along the main road. This is the current update.,CRITICAL,wildfire,1,0,1,1,6,v2_wildfire_wildfire_critical_burns,controlled_synthetic_v2,V2 mixed-disaster scenario family wildfire_critical_burns; label reflects contextual rescue urgency.,en,train
rpv2-00878,Need assistance — Can someone help? several people have severe burns and need immediate medical rescue. at the apartment block.,CRITICAL,wildfire,1,0,1,1,6,v2_wildfire_wildfire_critical_burns,controlled_synthetic_v2,V2 mixed-disaster scenario family wildfire_critical_burns; label reflects contextual rescue urgency.,en,train
rpv2-00412,Caller says: A building fire requires evacuation; everyone is outside but support is needed. by the river. This is the current update.,HIGH,industrial,0,0,1,0,18,v2_industrial_industrial_high_fire,controlled_synthetic_v2,V2 mixed-disaster scenario family industrial_high_fire; label reflects contextual rescue urgency.,en,train
rpv2-00580,Caller says: People are trapped inside the damaged facility and need immediate rescue. at the apartment block.,CRITICAL,societal,0,1,0,0,9,v2_societal_societal_critical_trapped,controlled_synthetic_v2,V2 mixed-disaster scenario family societal_critical_trapped; label reflects contextual rescue urgency.,en,train
rpv2-00442,SOS: A small chemical spill closed one room; nobody is hurt while cleanup is needed. near the market. This is the current update.,MEDIUM,industrial,0,0,0,0,3,v2_industrial_industrial_medium_spill,controlled_synthetic_v2,V2 mixed-disaster scenario family industrial_medium_spill; label reflects contextual rescue urgency.,en,test
rpv2-00483,"Please help, Several people are trapped and cannot escape; immediate rescue is required. on the east side. We need the appropriate response.",CRITICAL,other,0,1,0,0,6,v2_other_other_critical_trapped,controlled_synthetic_v2,V2 mixed-disaster scenario family other_critical_trapped; label reflects contextual rescue urgency.,en,train
rpv2-00606,Need assistance — Can someone help? a dangerous disturbance requires residents to evacuate the public facility. near the market. We need the appropriate response.,HIGH,societal,0,0,0,0,40,v2_societal_societal_high_evacuation,controlled_synthetic_v2,V2 mixed-disaster scenario family societal_high_evacuation; label reflects contextual rescue urgency.,en,train
rpv2-00082,SOS: Please share general information about prevention; there is no emergency. on the east side. We need the appropriate response.,LOW,biological,0,0,0,0,0,v2_biological_biological_low_advice,controlled_synthetic_v2,V2 mixed-disaster scenario family biological_low_advice; label reflects contextual rescue urgency.,en,train
rpv2-00434,SOS: A contained fire damaged equipment while workers need assistance. on the east side. This is the current update.,MEDIUM,industrial,0,0,1,0,4,v2_industrial_industrial_medium_fire,controlled_synthetic_v2,V2 mixed-disaster scenario family industrial_medium_fire; label reflects contextual rescue urgency.,en,train
rpv2-00078,Need assistance — Can someone help? this is a health news update; no one here is ill or requesting help. near the market. Please advise.,LOW,biological,0,0,0,0,0,v2_biological_biological_low_news,controlled_synthetic_v2,V2 mixed-disaster scenario family biological_low_news; label reflects contextual rescue urgency.,en,validation
rpv2-00257,"Water is affecting several homes and people need supplies, but everyone is safe. along the main road. No further details yet.",MEDIUM,flood,0,0,0,0,8,v2_flood_flood_medium_supplies,controlled_synthetic_v2,V2 mixed-disaster scenario family flood_medium_supplies; label reflects contextual rescue urgency.,en,test
rpv2-00930,"SOS: Smoke closed a local road, but residents are safe while need transport advice. by the river. No further details yet.",MEDIUM,wildfire,0,0,0,0,8,v2_wildfire_wildfire_medium_route,controlled_synthetic_v2,V2 mixed-disaster scenario family wildfire_medium_route; label reflects contextual rescue urgency.,en,train
rpv2-00502,Need assistance — Can someone help? a person is severely bleeding and needs emergency rescue now. near the school. Please advise.,CRITICAL,other,1,0,0,1,1,v2_other_other_critical_bleeding,controlled_synthetic_v2,V2 mixed-disaster scenario family other_critical_bleeding; label reflects contextual rescue urgency.,en,train
rpv2-00059,"Please help, A local clinic is asking for basic supplies for patients with stable illness. on the east side. We need the appropriate response.",MEDIUM,biological,0,0,0,1,20,v2_biological_biological_medium_clinic,controlled_synthetic_v2,V2 mixed-disaster scenario family biological_medium_clinic; label reflects contextual rescue urgency.,en,train
rpv2-00567,Field note: I am sharing information about an unusual event; theere is no emergency here. near the school. No further details yet.,LOW,other,0,0,0,0,0,v2_other_other_low_news,controlled_synthetic_v2,V2 mixed-disaster scenario family other_low_news; label reflects contextual rescue urgency.,en,train
rpv2-00563,"Please help, I am sharing information about an unusual event; there is no emergency here. along the main road. Please advise.",LOW,other,0,0,0,0,0,v2_other_other_low_news,controlled_synthetic_v2,V2 mixed-disaster scenario family other_low_news; label reflects contextual rescue urgency.,en,train
rpv2-00639,Field note: A crowd has closed thee route and residents need information and support. on the east side. No further details yet.,MEDIUM,societal,0,0,0,0,30,v2_societal_societal_medium_route,controlled_synthetic_v2,V2 mixed-disaster scenario family societal_medium_route; label reflects contextual rescue urgency.,en,test
rpv2-00443,"Please help, A small chemical spill closed one room; nobody is hurt and cleanup is needed. near the school.",MEDIUM,industrial,0,0,0,0,3,v2_industrial_industrial_medium_spill,controlled_synthetic_v2,V2 mixed-disaster scenario family industrial_medium_spill; label reflects contextual rescue urgency.,en,test
rpv2-00856,"Report from resident: Third-party report: This is transportation news, not an accident requiring responders. near the market. This is the current update.",LOW,transportation,0,0,0,0,0,v2_transportation_transport_low_news,controlled_synthetic_v2,V2 mixed-disaster scenario family transport_low_news; label reflects contextual rescue urgency.,en,train
rpv2-00274,SOS: A little water is on the roadside after rain; traffic is moving while everyone is safe. along the main road. This is the current update.,LOW,flood,0,0,0,0,1,v2_flood_flood_low_puddle,controlled_synthetic_v2,V2 mixed-disaster scenario family flood_low_puddle; label reflects contextual rescue urgency.,en,train
rpv2-00468,Caller says: This is an industrial accident news report; no emergency is happening here. at the apartment block. We need the appropriate response.,LOW,industrial,0,0,0,0,0,v2_industrial_industrial_low_news,controlled_synthetic_v2,V2 mixed-disaster scenario family industrial_low_news; label reflects contextual rescue urgency.,en,train
rpv2-00099,"Please help, The building collapsed and people are trapped under debris; send rescue now. by the river. Please advise.",CRITICAL,earthquake,1,1,0,1,8,v2_earthquake_earthquake_critical_collapse,controlled_synthetic_v2,V2 mixed-disaster scenario family earthquake_critical_collapse; label reflects contextual rescue urgency.,en,train
rpv2-00576,"Report from resident: Third-party report: The situation sounds serious in the news, but everyone at this location is safe. by the river. We need the appropriate response.",LOW,other,0,0,0,0,2,v2_other_other_low_safe,controlled_synthetic_v2,V2 mixed-disaster scenario family other_low_safe; label reflects contextual rescue urgency.,en,train
rpv2-00044,Caller says: Several residents are seriously ill but conscious and need urgent medical transport. near the market. No further details yet.,HIGH,biological,1,0,0,1,6,v2_biological_biological_high_injury,controlled_synthetic_v2,V2 mixed-disaster scenario family biological_high_injury; label reflects contextual rescue urgency.,en,train
rpv2-00264,"Report from resident: Third-party report: Water is affecting several homes and people need supplies, but everyone is safe. along the main road. Please advise.",MEDIUM,flood,0,0,0,0,8,v2_flood_flood_medium_supplies,controlled_synthetic_v2,V2 mixed-disaster scenario family flood_medium_supplies; label reflects contextual rescue urgency.,en,test
rpv2-00136,Report from resident: Third-party report: Several homes are unsafe after the quake; residents need urgent shelter. near the market. We need the appropriate response.,HIGH,earthquake,0,0,0,0,22,v2_earthquake_earthquake_high_shelter,controlled_synthetic_v2,V2 mixed-disaster scenario family earthquake_high_shelter; label reflects contextual rescue urgency.,en,train
rpv2-00089,The public-health exercise ended safely and all participants are accounted for. on the east side. Please advise.,LOW,biological,0,0,0,0,25,v2_biological_biological_low_drill,controlled_synthetic_v2,V2 mixed-disaster scenario family biological_low_drill; label reflects contextual rescue urgency.,en,validation
rpv2-00949,Update: This wildfire report is for information only; our neighborhood is unaffected. Please send someone. by the river. We need the appropriate response.,LOW,wildfire,0,0,0,0,0,v2_wildfire_wildfire_low_news,controlled_synthetic_v2,V2 mixed-disaster scenario family wildfire_low_news; label reflects contextual rescue urgency.,en,train
rpv2-00684,Caller says: An unconscious person is in the damaged shelter after the tornado. at the apartment block. We need the appropriate response.,CRITICAL,tornado,1,0,0,1,1,v2_tornado_tornado_critical_unconscious,controlled_synthetic_v2,V2 mixed-disaster scenario family tornado_critical_unconscious; label reflects contextual rescue urgency.,en,train
rpv2-00378,"SOS: This is a hurricane news update, not a request for rescue. along the main road. We need the appropriate response.",LOW,hurricane,0,0,0,0,0,v2_hurricane_hurricane_low_news,controlled_synthetic_v2,V2 mixed-disaster scenario family hurricane_low_news; label reflects contextual rescue urgency.,en,train
rpv2-00167,"Field note: A wall is partly damaged and thee family needs temporary support, not rescue. along the main road. No further details yet.",MEDIUM,earthquake,0,0,0,0,4,v2_earthquake_earthquake_medium_wall,controlled_synthetic_v2,V2 mixed-disaster scenario family earthquake_medium_wall; label reflects contextual rescue urgency.,en,test
rpv2-00876,Caller says: Several residents have severe burns and need immediate medical rescue. near the school. We need the appropriate response.,CRITICAL,wildfire,1,0,1,1,6,v2_wildfire_wildfire_critical_burns,controlled_synthetic_v2,V2 mixed-disaster scenario family wildfire_critical_burns; label reflects contextual rescue urgency.,en,train
rpv2-00362,"SOS: The hurricane forecast is being discussed, but our area is unaffected while safe. near the market. Please advise.",LOW,hurricane,0,0,0,0,0,v2_hurricane_hurricane_low_forecast,controlled_synthetic_v2,V2 mixed-disaster scenario family hurricane_low_forecast; label reflects contextual rescue urgency.,en,train
rpv2-00255,Field note: A flooded road has closed thee local route; residents need a welfare check. along the main road. Please advise.,MEDIUM,flood,0,0,0,0,5,v2_flood_flood_medium_route,controlled_synthetic_v2,V2 mixed-disaster scenario family flood_medium_route; label reflects contextual rescue urgency.,en,validation
rpv2-00454,Need assistance — Can someone help? a machine damaged part of the facility and staff need a safe inspection. near the school. Please advise.,MEDIUM,industrial,0,0,0,0,10,v2_industrial_industrial_medium_damage,controlled_synthetic_v2,V2 mixed-disaster scenario family industrial_medium_damage; label reflects contextual rescue urgency.,en,test
rpv2-00371,"Please help, We are watching the storm from a safe place; no assistance is needed. by the river. No further details yet.",LOW,hurricane,0,0,0,0,2,v2_hurricane_hurricane_low_watch,controlled_synthetic_v2,V2 mixed-disaster scenario family hurricane_low_watch; label reflects contextual rescue urgency.,en,test
rpv2-00772,Caller says: Passengers are trapped in the overturned bus and need immediate rescue. by the river. This is the current update.,CRITICAL,transportation,1,1,0,1,9,v2_transportation_transport_critical_trapped,controlled_synthetic_v2,V2 mixed-disaster scenario family transport_critical_trapped; label reflects contextual rescue urgency.,en,train
rpv2-00452,Caller says: A machine damaged part of the facility and staff need a safe inspection. near the market.,MEDIUM,industrial,0,0,0,0,10,v2_industrial_industrial_medium_damage,controlled_synthetic_v2,V2 mixed-disaster scenario family industrial_medium_damage; label reflects contextual rescue urgency.,en,test
rpv2-00852,"Caller says: This is transportation news, not an accident requiring responders. at the apartment block.",LOW,transportation,0,0,0,0,0,v2_transportation_transport_low_news,controlled_synthetic_v2,V2 mixed-disaster scenario family transport_low_news; label reflects contextual rescue urgency.,en,train
rpv2-00611,"Please help, Several people need urgent shelter after serious damage to the community center. along the main road.",HIGH,societal,0,0,0,0,25,v2_societal_societal_high_damage,controlled_synthetic_v2,V2 mixed-disaster scenario family societal_high_damage; label reflects contextual rescue urgency.,en,train
rpv2-00927,Field note: A small fire damaged an empty shed and is being contained. pls. at the apartment block. Please advise.,MEDIUM,wildfire,0,0,1,0,2,v2_wildfire_wildfire_medium_shed,controlled_synthetic_v2,V2 mixed-disaster scenario family wildfire_medium_shed; label reflects contextual rescue urgency.,en,train
rpv2-00448,Report from resident: Third-party report: A small chemical spill closed one room; nobody is hurt and cleanup is needed. by the river. This is the current update.,MEDIUM,industrial,0,0,0,0,3,v2_industrial_industrial_medium_spill,controlled_synthetic_v2,V2 mixed-disaster scenario family industrial_medium_spill; label reflects contextual rescue urgency.,en,test
rpv2-00397,Update: Multiple workers are severely burned after the explosion and need emergency care. Please send someone. near the school. No further details yet.,CRITICAL,industrial,1,0,1,1,8,v2_industrial_industrial_critical_burns,controlled_synthetic_v2,V2 mixed-disaster scenario family industrial_critical_burns; label reflects contextual rescue urgency.,en,train
rpv2-00160,Report from resident: Third-party report: Shaking damaged the power connection and neighbors need local assistance. on the east side. Please advise.,MEDIUM,earthquake,0,0,0,0,10,v2_earthquake_earthquake_medium_power,controlled_synthetic_v2,V2 mixed-disaster scenario family earthquake_medium_power; label reflects contextual rescue urgency.,en,train
rpv2-00354,"SOS: Several residents need water after the storm, with no immediate danger reported. at the apartment block. This is the current update.",MEDIUM,hurricane,0,0,0,0,20,v2_hurricane_hurricane_medium_supplies,controlled_synthetic_v2,V2 mixed-disaster scenario family hurricane_medium_supplies; label reflects contextual rescue urgency.,en,train
rpv2-00106,SOS: An unconscious person is inside the damaged structure while responders cannot reach them. near the school. Please advise.,CRITICAL,earthquake,1,0,0,1,1,v2_earthquake_earthquake_critical_unconscious,controlled_synthetic_v2,V2 mixed-disaster scenario family earthquake_critical_unconscious; label reflects contextual rescue urgency.,en,validation
rpv2-00703,Field note: The tornado damaged multiple homes and residents need urgent shelter support. pls. near the school. This is the current update.,HIGH,tornado,0,0,0,0,20,v2_tornado_tornado_high_homes,controlled_synthetic_v2,V2 mixed-disaster scenario family tornado_high_homes; label reflects contextual rescue urgency.,en,train
rpv2-00841,A vehicle stopped on the roadside; traffic is moving and no one is hurt. near the market. Please advise.,LOW,transportation,0,0,0,0,1,v2_transportation_transport_low_stopped,controlled_synthetic_v2,V2 mixed-disaster scenario family transport_low_stopped; label reflects contextual rescue urgency.,en,test
rpv2-00310,Need assistance — Can someone help? the storm collapsed a structure with people inside; rescue teams are urgently required. by the river.,CRITICAL,hurricane,0,1,0,0,7,v2_hurricane_hurricane_critical_collapse,controlled_synthetic_v2,V2 mixed-disaster scenario family hurricane_critical_collapse; label reflects contextual rescue urgency.,en,validation
rpv2-00738,"SOS: Debris blocks the road after the tornado, but nobody is injured or trapped. on the east side.",MEDIUM,tornado,0,0,0,0,4,v2_tornado_tornado_medium_debris,controlled_synthetic_v2,V2 mixed-disaster scenario family tornado_medium_debris; label reflects contextual rescue urgency.,en,validation
rpv2-00571,"Please help, The situation sounds serious in the news, but everyone at this location is safe. at the apartment block. Please advise.",LOW,other,0,0,0,0,2,v2_other_other_low_safe,controlled_synthetic_v2,V2 mixed-disaster scenario family other_low_safe; label reflects contextual rescue urgency.,en,train
rpv2-00469,Update: This is an industrial accident news report; no emergency is happening here. Please send someone. near the market. Please advise.,LOW,industrial,0,0,0,0,0,v2_industrial_industrial_low_news,controlled_synthetic_v2,V2 mixed-disaster scenario family industrial_low_news; label reflects contextual rescue urgency.,en,train
rpv2-00075,"Please help, This is a health news update; no one here is ill or requesting help. on the east side. Please advise.",LOW,biological,0,0,0,0,0,v2_biological_biological_low_news,controlled_synthetic_v2,V2 mixed-disaster scenario family biological_low_news; label reflects contextual rescue urgency.,en,validation
rpv2-00461,Update: The fire drill at the plant is finished and everyone is safe. Please send someone. near the school. No further details yet.,LOW,industrial,0,0,1,0,40,v2_industrial_industrial_low_drill,controlled_synthetic_v2,V2 mixed-disaster scenario family industrial_low_drill; label reflects contextual rescue urgency.,en,train
rpv2-00601,A dangerous disturbance requires residents to evacuate the public facility. by the river.,HIGH,societal,0,0,0,0,40,v2_societal_societal_high_evacuation,controlled_synthetic_v2,V2 mixed-disaster scenario family societal_high_evacuation; label reflects contextual rescue urgency.,en,train
rpv2-00819,"Please help, A minor crash blocks one lane; everyone is conscious and basic assistance is needed. near the market. No further details yet.",MEDIUM,transportation,0,0,0,0,2,v2_transportation_transport_medium_lane,controlled_synthetic_v2,V2 mixed-disaster scenario family transport_medium_lane; label reflects contextual rescue urgency.,en,train
rpv2-00702,Need assistance — Can someone help? the tornado damaged multiple homes and residents need urgent shelter support. near the school. This is the current update.,HIGH,tornado,0,0,0,0,20,v2_tornado_tornado_high_homes,controlled_synthetic_v2,V2 mixed-disaster scenario family tornado_high_homes; label reflects contextual rescue urgency.,en,train
rpv2-00173,Update: I am sharing earthquake news; this location has no damage and everyone is safe. Please send someone. near the market. We need the appropriate response.,LOW,earthquake,0,0,0,0,0,v2_earthquake_earthquake_low_news,controlled_synthetic_v2,V2 mixed-disaster scenario family earthquake_low_news; label reflects contextual rescue urgency.,en,train
rpv2-00587,"Please help, A person is bleeding severely and unconscious after the attack. by the river.",CRITICAL,societal,1,0,0,1,1,v2_societal_societal_critical_bleeding,controlled_synthetic_v2,V2 mixed-disaster scenario family societal_critical_bleeding; label reflects contextual rescue urgency.,en,test
rpv2-00547,"Please help, One person has a stable injury and is asking for non-urgent medical assistance. on the east side. This is the current update.",MEDIUM,other,1,0,0,1,1,v2_other_other_medium_injury,controlled_synthetic_v2,V2 mixed-disaster scenario family other_medium_injury; label reflects contextual rescue urgency.,en,validation
rpv2-00828,Caller says: A bus breakdown has stranded passengers who need local support. at the apartment block. We need the appropriate response.,MEDIUM,transportation,0,0,0,0,16,v2_transportation_transport_medium_delay,controlled_synthetic_v2,V2 mixed-disaster scenario family transport_medium_delay; label reflects contextual rescue urgency.,en,train
rpv2-00750,Need assistance — Can someone help? the tornado warning has ended here and everyone is safe; no response is needed. by the river.,LOW,tornado,0,0,0,0,0,v2_tornado_tornado_low_warning,controlled_synthetic_v2,V2 mixed-disaster scenario family tornado_low_warning; label reflects contextual rescue urgency.,en,train
rpv2-00538,SOS: Moderate damage affects the area while residents need a welfare check. near the school. This is the current update.,MEDIUM,other,0,0,0,0,15,v2_other_other_medium_damage,controlled_synthetic_v2,V2 mixed-disaster scenario family other_medium_damage; label reflects contextual rescue urgency.,en,train
rpv2-00253,Update: A flooded road has closed the local route; residents need a welfare check. Please send someone. on the east side.,MEDIUM,flood,0,0,0,0,5,v2_flood_flood_medium_route,controlled_synthetic_v2,V2 mixed-disaster scenario family flood_medium_route; label reflects contextual rescue urgency.,en,validation
rpv2-00225,The flood damaged the lower floors; families are outside but need urgent shelter. along the main road. This is the current update.,HIGH,flood,0,0,0,0,12,v2_flood_flood_high_damage,controlled_synthetic_v2,V2 mixed-disaster scenario family flood_high_damage; label reflects contextual rescue urgency.,en,train
rpv2-00137,A serious but stable injury followed the earthquake and needs urgent treatment. near the school. No further details yet.,HIGH,earthquake,1,0,0,1,1,v2_earthquake_earthquake_high_injury,controlled_synthetic_v2,V2 mixed-disaster scenario family earthquake_high_injury; label reflects contextual rescue urgency.,en,validation
rpv2-00037,Update: Residents must leave the exposed building for treatment and safe shelter. Please send someone. by the river. Please advise.,HIGH,biological,0,0,0,1,20,v2_biological_biological_high_evacuation,controlled_synthetic_v2,V2 mixed-disaster scenario family biological_high_evacuation; label reflects contextual rescue urgency.,en,test
rpv2-00204,Caller says: A child and two adults are stranded on a roof; immediate water rescue is required. along the main road.,CRITICAL,flood,0,1,0,0,3,v2_flood_flood_critical_rescue,controlled_synthetic_v2,V2 mixed-disaster scenario family flood_critical_rescue; label reflects contextual rescue urgency.,en,train
rpv2-00409,A building fire requires evacuation; everyone is outside but support is needed. along the main road. This is the current update.,HIGH,industrial,0,0,1,0,18,v2_industrial_industrial_high_fire,controlled_synthetic_v2,V2 mixed-disaster scenario family industrial_high_fire; label reflects contextual rescue urgency.,en,train
rpv2-00196,Caller says: Several residents are trapped by rapidly rising floodwater and cannot get out. near the market. Please advise.,CRITICAL,flood,0,1,0,0,6,v2_flood_flood_critical_trapped,controlled_synthetic_v2,V2 mixed-disaster scenario family flood_critical_trapped; label reflects contextual rescue urgency.,en,test
rpv2-00691,"Please help, The tornado destroyed the building and multiple residents are severely injured. near the market. This is the current update.",CRITICAL,tornado,1,0,0,1,10,v2_tornado_tornado_critical_collapse,controlled_synthetic_v2,V2 mixed-disaster scenario family tornado_critical_collapse; label reflects contextual rescue urgency.,en,train
rpv2-00050,SOS: Several residents have mild symptoms while need a health information point. near the school. Please advise.,MEDIUM,biological,0,0,0,1,8,v2_biological_biological_medium_symptoms,controlled_synthetic_v2,V2 mixed-disaster scenario family biological_medium_symptoms; label reflects contextual rescue urgency.,en,train
rpv2-00551,Field note: One person has a stable injury and needs non-urgent medical assistance. pls. near the market. No further details yet.,MEDIUM,other,1,0,0,1,1,v2_other_other_medium_injury,controlled_synthetic_v2,V2 mixed-disaster scenario family other_medium_injury; label reflects contextual rescue urgency.,en,validation
rpv2-00291,"Please help, The hurricane destroyed the house and two residents are trapped inside. near the market. Please advise.",CRITICAL,hurricane,0,1,0,0,2,v2_hurricane_hurricane_critical_trapped,controlled_synthetic_v2,V2 mixed-disaster scenario family hurricane_critical_trapped; label reflects contextual rescue urgency.,en,train
rpv2-00331,"Please help, A serious injury occurred during the storm; the person is conscious but is asking for urgent care. on the east side. This is the current update.",HIGH,hurricane,1,0,0,1,1,v2_hurricane_hurricane_high_injury,controlled_synthetic_v2,V2 mixed-disaster scenario family hurricane_high_injury; label reflects contextual rescue urgency.,en,train
rpv2-00751,Field note: The tornado warning has ended here and everyone is safe; no response is needed. pls. at the apartment block. We need the appropriate response.,LOW,tornado,0,0,0,0,0,v2_tornado_tornado_low_warning,controlled_synthetic_v2,V2 mixed-disaster scenario family tornado_low_warning; label reflects contextual rescue urgency.,en,train
rpv2-00948,Caller says: This wildfire report is for information only; our neighborhood is unaffected. near the market. We need the appropriate response.,LOW,wildfire,0,0,0,0,0,v2_wildfire_wildfire_low_news,controlled_synthetic_v2,V2 mixed-disaster scenario family wildfire_low_news; label reflects contextual rescue urgency.,en,train
rpv2-00801,A train derailment damaged the carriage and passengers need urgent evacuation. by the river. Please advise.,HIGH,transportation,0,0,0,0,40,v2_transportation_transport_high_derail,controlled_synthetic_v2,V2 mixed-disaster scenario family transport_high_derail; label reflects contextual rescue urgency.,en,train
rpv2-00594,SOS: Multiple people are severely injured while responders must provide emergency care now. by the river.,CRITICAL,societal,1,0,0,1,14,v2_societal_societal_critical_multiple,controlled_synthetic_v2,V2 mixed-disaster scenario family societal_critical_multiple; label reflects contextual rescue urgency.,en,train
rpv2-00512,Report from resident: Third-party report: A dangerous situation requires evacuation and urgent support for residents. near the market.,HIGH,other,0,0,0,0,20,v2_other_other_high_evacuation,controlled_synthetic_v2,V2 mixed-disaster scenario family other_high_evacuation; label reflects contextual rescue urgency.,en,train
rpv2-00243,"Please help, Floodwater entered the yard and we need basic assistance, but nobody is trapped. near the school. We need the appropriate response.",MEDIUM,flood,0,0,0,0,2,v2_flood_flood_medium_home,controlled_synthetic_v2,V2 mixed-disaster scenario family flood_medium_home; label reflects contextual rescue urgency.,en,train
rpv2-00118,Need assistance — Can someone help? multiple people are severely injured after the collapse and need immediate medical rescue. near the school. We need the appropriate response.,CRITICAL,earthquake,1,0,0,1,12,v2_earthquake_earthquake_critical_multiple,controlled_synthetic_v2,V2 mixed-disaster scenario family earthquake_critical_multiple; label reflects contextual rescue urgency.,en,train
rpv2-00666,SOS: Just checking the community channel; there is no active incident. along the main road. No further details yet.,LOW,societal,0,0,0,0,0,v2_societal_societal_low_check,controlled_synthetic_v2,V2 mixed-disaster scenario family societal_low_check; label reflects contextual rescue urgency.,en,test
rpv2-00246,"Need assistance — Can someone help? floodwater entered the yard and we need basic assistance, but nobody is trapped. on the east side. We need the appropriate response.",MEDIUM,flood,0,0,0,0,2,v2_flood_flood_medium_home,controlled_synthetic_v2,V2 mixed-disaster scenario family flood_medium_home; label reflects contextual rescue urgency.,en,train
rpv2-00543,Field note: Moderate damage affects thee area and residents need a welfare check. at the apartment block. We need the appropriate response.,MEDIUM,other,0,0,0,0,15,v2_other_other_medium_damage,controlled_synthetic_v2,V2 mixed-disaster scenario family other_medium_damage; label reflects contextual rescue urgency.,en,train
rpv2-00091,"Please help, The public-health exercise ended safely and all participants are accounted for. near the market. Please advise.",LOW,biological,0,0,0,0,25,v2_biological_biological_low_drill,controlled_synthetic_v2,V2 mixed-disaster scenario family biological_low_drill; label reflects contextual rescue urgency.,en,validation
rpv2-00466,SOS: This is an industrial accident news report; no emergency is happening here. at the apartment block. We need the appropriate response.,LOW,industrial,0,0,0,0,0,v2_industrial_industrial_low_news,controlled_synthetic_v2,V2 mixed-disaster scenario family industrial_low_news; label reflects contextual rescue urgency.,en,train
rpv2-00893,Update: Wildfire is approaching homes and an organized evacuation is required. Please send someone. along the main road.,HIGH,wildfire,0,0,1,0,35,v2_wildfire_wildfire_high_front,controlled_synthetic_v2,V2 mixed-disaster scenario family wildfire_high_front; label reflects contextual rescue urgency.,en,validation
rpv2-00561,I am sharing information about an unusual event; there is no emergency here. by the river. Please advise.,LOW,other,0,0,0,0,0,v2_other_other_low_news,controlled_synthetic_v2,V2 mixed-disaster scenario family other_low_news; label reflects contextual rescue urgency.,en,train
rpv2-00607,Field note: A dangerous disturbance requires residents to evacuate thee public facility. along the main road.,HIGH,societal,0,0,0,0,40,v2_societal_societal_high_evacuation,controlled_synthetic_v2,V2 mixed-disaster scenario family societal_high_evacuation; label reflects contextual rescue urgency.,en,train
rpv2-00021,Update: Multiple patients are collapsing and responders need to act immediately. Please send someone. on the east side.,CRITICAL,biological,1,0,0,1,12,v2_biological_biological_critical_multiple,controlled_synthetic_v2,V2 mixed-disaster scenario family biological_critical_multiple; label reflects contextual rescue urgency.,en,train
rpv2-00385,An active fire has workers trapped inside the plant; send rescue immediately. on the east side. No further details yet.,CRITICAL,industrial,0,1,1,0,7,v2_industrial_industrial_critical_trapped,controlled_synthetic_v2,V2 mixed-disaster scenario family industrial_critical_trapped; label reflects contextual rescue urgency.,en,validation
rpv2-00637,Update: A crowd has closed the route and residents need information and support. Please send someone. along the main road. We need the appropriate response.,MEDIUM,societal,0,0,0,0,30,v2_societal_societal_medium_route,controlled_synthetic_v2,V2 mixed-disaster scenario family societal_medium_route; label reflects contextual rescue urgency.,en,test
rpv2-00163,"Please help, A wall is partly damaged and the family is asking for temporary support, not rescue. near the market. This is the current update.",MEDIUM,earthquake,0,0,0,0,4,v2_earthquake_earthquake_medium_wall,controlled_synthetic_v2,V2 mixed-disaster scenario family earthquake_medium_wall; label reflects contextual rescue urgency.,en,test
rpv2-00807,Field note: A train derailment damaged thee carriage and passengers need urgent evacuation. on the east side. Please advise.,HIGH,transportation,0,0,0,0,40,v2_transportation_transport_high_derail,controlled_synthetic_v2,V2 mixed-disaster scenario family transport_high_derail; label reflects contextual rescue urgency.,en,train
rpv2-00192,Report from resident: Third-party report: The earthquake preparedness drill is complete; this is not an emergency. at the apartment block. No further details yet.,LOW,earthquake,0,0,0,0,0,v2_earthquake_earthquake_low_drill,controlled_synthetic_v2,V2 mixed-disaster scenario family earthquake_low_drill; label reflects contextual rescue urgency.,en,train
rpv2-00621,Update: Multiple people have serious injuries after the incident but remain conscious. Please send someone. near the market. Please advise.,HIGH,societal,1,0,0,1,6,v2_societal_societal_high_injury,controlled_synthetic_v2,V2 mixed-disaster scenario family societal_high_injury; label reflects contextual rescue urgency.,en,test
rpv2-00176,Report from resident: Third-party report: I am sharing earthquake news; this location has no damage and everyone is safe. by the river. No further details yet.,LOW,earthquake,0,0,0,0,0,v2_earthquake_earthquake_low_news,controlled_synthetic_v2,V2 mixed-disaster scenario family earthquake_low_news; label reflects contextual rescue urgency.,en,train
rpv2-00449,A machine damaged part of the facility and staff need a safe inspection. along the main road.,MEDIUM,industrial,0,0,0,0,10,v2_industrial_industrial_medium_damage,controlled_synthetic_v2,V2 mixed-disaster scenario family industrial_medium_damage; label reflects contextual rescue urgency.,en,test
rpv2-00815,"Field note: A vehicle fire is contained and passengers evacuated, but thee scene needs urgent support. along the main road. We need the appropriate response.",HIGH,transportation,0,0,1,0,12,v2_transportation_transport_high_fire,controlled_synthetic_v2,V2 mixed-disaster scenario family transport_high_fire; label reflects contextual rescue urgency.,en,train
rpv2-00795,"Please help, A bus crash caused serious injuries; everyone is conscious and responders are needed. on the east side. This is the current update.",HIGH,transportation,1,0,0,1,8,v2_transportation_transport_high_crash,controlled_synthetic_v2,V2 mixed-disaster scenario family transport_high_crash; label reflects contextual rescue urgency.,en,validation
rpv2-00745,The tornado warning has ended here and everyone is safe; no response is needed. at the apartment block. This is the current update.,LOW,tornado,0,0,0,0,0,v2_tornado_tornado_low_warning,controlled_synthetic_v2,V2 mixed-disaster scenario family tornado_low_warning; label reflects contextual rescue urgency.,en,train
rpv2-00006,Need assistance — Can someone help? several people are unconscious during the severe outbreak and need emergency care. at the apartment block. This is the current update.,CRITICAL,biological,1,0,0,1,7,v2_biological_biological_critical_unconscious,controlled_synthetic_v2,V2 mixed-disaster scenario family biological_critical_unconscious; label reflects contextual rescue urgency.,en,train
rpv2-00663,Field note: The public event ended peacefully and no assistance is needed. pls. by the river.,LOW,societal,0,0,0,0,100,v2_societal_societal_low_event,controlled_synthetic_v2,V2 mixed-disaster scenario family societal_low_event; label reflects contextual rescue urgency.,en,test
rpv2-00437,Update: A contained fire damaged equipment and workers need assistance. Please send someone. along the main road. Please advise.,MEDIUM,industrial,0,0,1,0,4,v2_industrial_industrial_medium_fire,controlled_synthetic_v2,V2 mixed-disaster scenario family industrial_medium_fire; label reflects contextual rescue urgency.,en,train
rpv2-00624,Report from resident: Third-party report: Multiple people have serious injuries after the incident but remain conscious. on the east side. This is the current update.,HIGH,societal,1,0,0,1,6,v2_societal_societal_high_injury,controlled_synthetic_v2,V2 mixed-disaster scenario family societal_high_injury; label reflects contextual rescue urgency.,en,test
rpv2-00052,Caller says: Several residents have mild symptoms and need a health information point. near the school. This is the current update.,MEDIUM,biological,0,0,0,1,8,v2_biological_biological_medium_symptoms,controlled_synthetic_v2,V2 mixed-disaster scenario family biological_medium_symptoms; label reflects contextual rescue urgency.,en,train
rpv2-00840,Report from resident: Third-party report: One person has a painful but stable injury after a collision. near the school.,MEDIUM,transportation,1,0,0,1,1,v2_transportation_transport_medium_injury,controlled_synthetic_v2,V2 mixed-disaster scenario family transport_medium_injury; label reflects contextual rescue urgency.,en,train
rpv2-00212,Caller says: Floodwater swept through the building; injured residents need immediate rescue. near the market.,CRITICAL,flood,1,0,0,1,7,v2_flood_flood_critical_injured,controlled_synthetic_v2,V2 mixed-disaster scenario family flood_critical_injured; label reflects contextual rescue urgency.,en,train
rpv2-00724,Caller says: The tornado damaged a roof and the household needs repair assistance. near the school.,MEDIUM,tornado,0,0,0,0,3,v2_tornado_tornado_medium_roof,controlled_synthetic_v2,V2 mixed-disaster scenario family tornado_medium_roof; label reflects contextual rescue urgency.,en,train
rpv2-00147,"Please help, The earthquake left cracks in one room; residents are safe but need an inspection. by the river. No further details yet.",MEDIUM,earthquake,0,0,0,0,3,v2_earthquake_earthquake_medium_cracks,controlled_synthetic_v2,V2 mixed-disaster scenario family earthquake_medium_cracks; label reflects contextual rescue urgency.,en,train
rpv2-00179,"Please help, A small earthquake was felt, but nothing fell and no response is needed. near the market. Please advise.",LOW,earthquake,0,0,0,0,1,v2_earthquake_earthquake_low_shake,controlled_synthetic_v2,V2 mixed-disaster scenario family earthquake_low_shake; label reflects contextual rescue urgency.,en,train
rpv2-00938,"SOS: Smoke is visible far away, but there is no fire near us while everyone is safe. at the apartment block. This is the current update.",LOW,wildfire,0,0,0,0,0,v2_wildfire_wildfire_low_smoke,controlled_synthetic_v2,V2 mixed-disaster scenario family wildfire_low_smoke; label reflects contextual rescue urgency.,en,train
rpv2-00320,Report from resident: Third-party report: Hurricane damage made several homes unsafe and families need evacuation help. near the market.,HIGH,hurricane,0,0,0,0,18,v2_hurricane_hurricane_high_evacuation,controlled_synthetic_v2,V2 mixed-disaster scenario family hurricane_high_evacuation; label reflects contextual rescue urgency.,en,train
rpv2-00293,Update: The hurricane destroyed the house and two residents are trapped inside. Please send someone. on the east side. This is the current update.,CRITICAL,hurricane,0,1,0,0,2,v2_hurricane_hurricane_critical_trapped,controlled_synthetic_v2,V2 mixed-disaster scenario family hurricane_critical_trapped; label reflects contextual rescue urgency.,en,train
rpv2-00142,Need assistance — Can someone help? a serious but stable injury followed the earthquake and needs urgent treatment. at the apartment block. No further details yet.,HIGH,earthquake,1,0,0,1,1,v2_earthquake_earthquake_high_injury,controlled_synthetic_v2,V2 mixed-disaster scenario family earthquake_high_injury; label reflects contextual rescue urgency.,en,validation
rpv2-00083,"Please help, Please share general information about prevention; there is no emergency. near the school.",LOW,biological,0,0,0,0,0,v2_biological_biological_low_advice,controlled_synthetic_v2,V2 mixed-disaster scenario family biological_low_advice; label reflects contextual rescue urgency.,en,train
rpv2-00017,Multiple patients are collapsing and responders need to act immediately. near the school. Please advise.,CRITICAL,biological,1,0,0,1,12,v2_biological_biological_critical_multiple,controlled_synthetic_v2,V2 mixed-disaster scenario family biological_critical_multiple; label reflects contextual rescue urgency.,en,train
rpv2-00280,Report from resident: Third-party report: A little water is on the roadside after rain; traffic is moving and everyone is safe. near the school. No further details yet.,LOW,flood,0,0,0,0,1,v2_flood_flood_low_puddle,controlled_synthetic_v2,V2 mixed-disaster scenario family flood_low_puddle; label reflects contextual rescue urgency.,en,train
rpv2-00748,Caller says: The tornado warning has ended here and everyone is safe; no response is needed. on the east side.,LOW,tornado,0,0,0,0,0,v2_tornado_tornado_low_warning,controlled_synthetic_v2,V2 mixed-disaster scenario family tornado_low_warning; label reflects contextual rescue urgency.,en,train
rpv2-00361,"The hurricane forecast is being discussed, but our area is unaffected and safe. by the river. We need the appropriate response.",LOW,hurricane,0,0,0,0,0,v2_hurricane_hurricane_low_forecast,controlled_synthetic_v2,V2 mixed-disaster scenario family hurricane_low_forecast; label reflects contextual rescue urgency.,en,train
rpv2-00311,Field note: The storm collapsed a structure with people inside; rescue teams are urgently required. pls. near the market.,CRITICAL,hurricane,0,1,0,0,7,v2_hurricane_hurricane_critical_collapse,controlled_synthetic_v2,V2 mixed-disaster scenario family hurricane_critical_collapse; label reflects contextual rescue urgency.,en,validation
rpv2-00166,"Need assistance — Can someone help? a wall is partly damaged and the family needs temporary support, not rescue. at the apartment block.",MEDIUM,earthquake,0,0,0,0,4,v2_earthquake_earthquake_medium_wall,controlled_synthetic_v2,V2 mixed-disaster scenario family earthquake_medium_wall; label reflects contextual rescue urgency.,en,test
rpv2-00914,SOS: Wildfire smoke is affecting the neighborhood while residents need masks. by the river. This is the current update.,MEDIUM,wildfire,0,0,0,0,25,v2_wildfire_wildfire_medium_smoke,controlled_synthetic_v2,V2 mixed-disaster scenario family wildfire_medium_smoke; label reflects contextual rescue urgency.,en,train
rpv2-00925,Update: A small fire damaged an empty shed and is being contained. Please send someone. near the market. No further details yet.,MEDIUM,wildfire,0,0,1,0,2,v2_wildfire_wildfire_medium_shed,controlled_synthetic_v2,V2 mixed-disaster scenario family wildfire_medium_shed; label reflects contextual rescue urgency.,en,train
rpv2-00124,Caller says: The earthquake badly damaged the building and occupants must evacuate. along the main road. No further details yet.,HIGH,earthquake,0,0,0,0,15,v2_earthquake_earthquake_high_evacuation,controlled_synthetic_v2,V2 mixed-disaster scenario family earthquake_high_evacuation; label reflects contextual rescue urgency.,en,test
rpv2-00076,Caller says: This is a health news update; no one here is ill or requesting help. near the school.,LOW,biological,0,0,0,0,0,v2_biological_biological_low_news,controlled_synthetic_v2,V2 mixed-disaster scenario family biological_low_news; label reflects contextual rescue urgency.,en,validation
rpv2-00604,Caller says: A dangerous disturbance requires residents to evacuate the public facility. near the market. No further details yet.,HIGH,societal,0,0,0,0,40,v2_societal_societal_high_evacuation,controlled_synthetic_v2,V2 mixed-disaster scenario family societal_high_evacuation; label reflects contextual rescue urgency.,en,train
rpv2-00942,"Need assistance — Can someone help? smoke is visible far away, but there is no fire near us and everyone is safe. near the school. This is the current update.",LOW,wildfire,0,0,0,0,0,v2_wildfire_wildfire_low_smoke,controlled_synthetic_v2,V2 mixed-disaster scenario family wildfire_low_smoke; label reflects contextual rescue urgency.,en,train
rpv2-00473,A test alarm sounded at the factory and the area is clear. on the east side. This is the current update.,LOW,industrial,0,0,0,0,15,v2_industrial_industrial_low_alarm,controlled_synthetic_v2,V2 mixed-disaster scenario family industrial_low_alarm; label reflects contextual rescue urgency.,en,train
rpv2-00245,"Update: Floodwater entered the yard and we need basic assistance, but nobody is trapped. Please send someone. along the main road. Please advise.",MEDIUM,flood,0,0,0,0,2,v2_flood_flood_medium_home,controlled_synthetic_v2,V2 mixed-disaster scenario family flood_medium_home; label reflects contextual rescue urgency.,en,train
rpv2-00656,Report from resident: Third-party report: This is a report about unrest elsewhere; our area is calm and safe. along the main road. We need the appropriate response.,LOW,societal,0,0,0,0,0,v2_societal_societal_low_news,controlled_synthetic_v2,V2 mixed-disaster scenario family societal_low_news; label reflects contextual rescue urgency.,en,test
rpv2-00813,"Update: A vehicle fire is contained and passengers evacuated, but the scene needs urgent support. Please send someone. by the river. This is the current update.",HIGH,transportation,0,0,1,0,12,v2_transportation_transport_high_fire,controlled_synthetic_v2,V2 mixed-disaster scenario family transport_high_fire; label reflects contextual rescue urgency.,en,train
rpv2-00565,Update: I am sharing information about an unusual event; there is no emergency here. Please send someone. near the school. Please advise.,LOW,other,0,0,0,0,0,v2_other_other_low_news,controlled_synthetic_v2,V2 mixed-disaster scenario family other_low_news; label reflects contextual rescue urgency.,en,train
rpv2-00901,Update: Fire damaged part of the building; everyone evacuated safely but support is needed. Please send someone. on the east side. No further details yet.,HIGH,wildfire,0,0,1,0,9,v2_wildfire_wildfire_high_damage,controlled_synthetic_v2,V2 mixed-disaster scenario family wildfire_high_damage; label reflects contextual rescue urgency.,en,train
rpv2-00403,"Please help, A worker is unconscious in the hazardous area and responders cannot reach them. by the river. No further details yet.",CRITICAL,industrial,1,0,0,1,1,v2_industrial_industrial_critical_unconscious,controlled_synthetic_v2,V2 mixed-disaster scenario family industrial_critical_unconscious; label reflects contextual rescue urgency.,en,train
rpv2-00345,Wind damaged part of a roof; everyone is safe but the family needs assistance. on the east side. This is the current update.,MEDIUM,hurricane,0,0,0,0,4,v2_hurricane_hurricane_medium_roof,controlled_synthetic_v2,V2 mixed-disaster scenario family hurricane_medium_roof; label reflects contextual rescue urgency.,en,train
rpv2-00026,SOS: An outbreak is affecting many residents while urgent public-health support is needed. near the market.,HIGH,biological,0,0,0,1,50,v2_biological_biological_high_outbreak,controlled_synthetic_v2,V2 mixed-disaster scenario family biological_high_outbreak; label reflects contextual rescue urgency.,en,train
rpv2-00414,Need assistance — Can someone help? a building fire requires evacuation; everyone is outside but support is needed. near the market. Please advise.,HIGH,industrial,0,0,1,0,18,v2_industrial_industrial_high_fire,controlled_synthetic_v2,V2 mixed-disaster scenario family industrial_high_fire; label reflects contextual rescue urgency.,en,train
rpv2-00054,Need assistance — Can someone help? several residents have mild symptoms and need a health information point. by the river. Please advise.,MEDIUM,biological,0,0,0,1,8,v2_biological_biological_medium_symptoms,controlled_synthetic_v2,V2 mixed-disaster scenario family biological_medium_symptoms; label reflects contextual rescue urgency.,en,train
rpv2-00645,Update: One person has a minor injury after the disturbance and needs assistance. Please send someone. near the school. No further details yet.,MEDIUM,societal,1,0,0,1,1,v2_societal_societal_medium_injury,controlled_synthetic_v2,V2 mixed-disaster scenario family societal_medium_injury; label reflects contextual rescue urgency.,en,train
rpv2-00217,Floodwater is rising toward several houses and an evacuation is needed. by the river. This is the current update.,HIGH,flood,0,0,0,0,18,v2_flood_flood_high_evacuation,controlled_synthetic_v2,V2 mixed-disaster scenario family flood_high_evacuation; label reflects contextual rescue urgency.,en,validation
rpv2-00055,Field note: Several residents have mild symptoms and need a health information point. pls. by the river. This is the current update.,MEDIUM,biological,0,0,0,1,8,v2_biological_biological_medium_symptoms,controlled_synthetic_v2,V2 mixed-disaster scenario family biological_medium_symptoms; label reflects contextual rescue urgency.,en,train
rpv2-00071,Field note: The neighborhood needs screening after an outbreak report; no immediate danger is reported. pls. near the market. No further details yet.,MEDIUM,biological,0,0,0,1,40,v2_biological_biological_medium_screening,controlled_synthetic_v2,V2 mixed-disaster scenario family biological_medium_screening; label reflects contextual rescue urgency.,en,train
rpv2-00511,Field note: A dangerous situation requires evacuation and urgent support for residents. pls. near the school. This is the current update.,HIGH,other,0,0,0,0,20,v2_other_other_high_evacuation,controlled_synthetic_v2,V2 mixed-disaster scenario family other_high_evacuation; label reflects contextual rescue urgency.,en,train
rpv2-00009,A patient is struggling to breathe and needs immediate medical rescue. near the market. This is the current update.,CRITICAL,biological,1,0,0,1,1,v2_biological_biological_critical_breathing,controlled_synthetic_v2,V2 mixed-disaster scenario family biological_critical_breathing; label reflects contextual rescue urgency.,en,test
rpv2-00853,"Update: This is transportation news, not an accident requiring responders. Please send someone. along the main road. We need the appropriate response.",LOW,transportation,0,0,0,0,0,v2_transportation_transport_low_news,controlled_synthetic_v2,V2 mixed-disaster scenario family transport_low_news; label reflects contextual rescue urgency.,en,train
rpv2-00313,Hurricane damage made several homes unsafe and families need evacuation help. near the market. No further details yet.,HIGH,hurricane,0,0,0,0,18,v2_hurricane_hurricane_high_evacuation,controlled_synthetic_v2,V2 mixed-disaster scenario family hurricane_high_evacuation; label reflects contextual rescue urgency.,en,train
rpv2-00433,A contained fire damaged equipment and workers need assistance. by the river. We need the appropriate response.,MEDIUM,industrial,0,0,1,0,4,v2_industrial_industrial_medium_fire,controlled_synthetic_v2,V2 mixed-disaster scenario family industrial_medium_fire; label reflects contextual rescue urgency.,en,train
rpv2-00301,Update: A resident is bleeding badly after debris struck them; immediate medical help is needed. Please send someone. on the east side. We need the appropriate response.,CRITICAL,hurricane,1,0,0,1,1,v2_hurricane_hurricane_critical_bleeding,controlled_synthetic_v2,V2 mixed-disaster scenario family hurricane_critical_bleeding; label reflects contextual rescue urgency.,en,train
rpv2-00467,"Please help, This is an industrial accident news report; no emergency is happening here. along the main road. This is the current update.",LOW,industrial,0,0,0,0,0,v2_industrial_industrial_low_news,controlled_synthetic_v2,V2 mixed-disaster scenario family industrial_low_news; label reflects contextual rescue urgency.,en,train
rpv2-00549,Update: One person has a stable injury and needs non-urgent medical assistance. Please send someone. on the east side. This is the current update.,MEDIUM,other,1,0,0,1,1,v2_other_other_medium_injury,controlled_synthetic_v2,V2 mixed-disaster scenario family other_medium_injury; label reflects contextual rescue urgency.,en,validation
rpv2-00122,SOS: The earthquake badly damaged the building while occupants must evacuate. by the river. We need the appropriate response.,HIGH,earthquake,0,0,0,0,15,v2_earthquake_earthquake_high_evacuation,controlled_synthetic_v2,V2 mixed-disaster scenario family earthquake_high_evacuation; label reflects contextual rescue urgency.,en,test
rpv2-00907,"Please help, A serious injury occurred while people evacuated the wildfire area. near the school.",HIGH,wildfire,1,0,0,1,3,v2_wildfire_wildfire_high_injury,controlled_synthetic_v2,V2 mixed-disaster scenario family wildfire_high_injury; label reflects contextual rescue urgency.,en,train
rpv2-00739,"Please help, Debris blocks the road after the tornado, but nobody is injured or trapped. near the school.",MEDIUM,tornado,0,0,0,0,4,v2_tornado_tornado_medium_debris,controlled_synthetic_v2,V2 mixed-disaster scenario family tornado_medium_debris; label reflects contextual rescue urgency.,en,validation
rpv2-00794,SOS: A bus crash caused serious injuries; everyone is conscious while responders are needed. near the market. This is the current update.,HIGH,transportation,1,0,0,1,8,v2_transportation_transport_high_crash,controlled_synthetic_v2,V2 mixed-disaster scenario family transport_high_crash; label reflects contextual rescue urgency.,en,validation
rpv2-00802,SOS: A train derailment damaged the carriage while passengers need urgent evacuation. at the apartment block. Please advise.,HIGH,transportation,0,0,0,0,40,v2_transportation_transport_high_derail,controlled_synthetic_v2,V2 mixed-disaster scenario family transport_high_derail; label reflects contextual rescue urgency.,en,train
rpv2-00732,Caller says: Several streets lost power after the tornado; residents need local support. near the market. No further details yet.,MEDIUM,tornado,0,0,0,0,30,v2_tornado_tornado_medium_power,controlled_synthetic_v2,V2 mixed-disaster scenario family tornado_medium_power; label reflects contextual rescue urgency.,en,validation
rpv2-00251,"Please help, A flooded road has closed the local route; residents need a welfare check. by the river. No further details yet.",MEDIUM,flood,0,0,0,0,5,v2_flood_flood_medium_route,controlled_synthetic_v2,V2 mixed-disaster scenario family flood_medium_route; label reflects contextual rescue urgency.,en,validation
rpv2-00616,Report from resident: Third-party report: Several people need urgent shelter after serious damage to the community center. near the market.,HIGH,societal,0,0,0,0,25,v2_societal_societal_high_damage,controlled_synthetic_v2,V2 mixed-disaster scenario family societal_high_damage; label reflects contextual rescue urgency.,en,train
rpv2-00216,Report from resident: Third-party report: Floodwater swept through the building; injured residents need immediate rescue. on the east side. We need the appropriate response.,CRITICAL,flood,1,0,0,1,7,v2_flood_flood_critical_injured,controlled_synthetic_v2,V2 mixed-disaster scenario family flood_critical_injured; label reflects contextual rescue urgency.,en,train
rpv2-00501,Update: A person is severely bleeding and needs emergency rescue now. Please send someone. near the market. We need the appropriate response.,CRITICAL,other,1,0,0,1,1,v2_other_other_critical_bleeding,controlled_synthetic_v2,V2 mixed-disaster scenario family other_critical_bleeding; label reflects contextual rescue urgency.,en,train
rpv2-00490,SOS: An unconscious person needs immediate medical help at the scene. near the school.,CRITICAL,other,1,0,0,1,1,v2_other_other_critical_unconscious,controlled_synthetic_v2,V2 mixed-disaster scenario family other_critical_unconscious; label reflects contextual rescue urgency.,en,train
rpv2-00458,SOS: The fire drill at the plant is finished while everyone is safe. at the apartment block. This is the current update.,LOW,industrial,0,0,1,0,40,v2_industrial_industrial_low_drill,controlled_synthetic_v2,V2 mixed-disaster scenario family industrial_low_drill; label reflects contextual rescue urgency.,en,train
rpv2-00721,The tornado damaged a roof and the household needs repair assistance. at the apartment block. We need the appropriate response.,MEDIUM,tornado,0,0,0,0,3,v2_tornado_tornado_medium_roof,controlled_synthetic_v2,V2 mixed-disaster scenario family tornado_medium_roof; label reflects contextual rescue urgency.,en,train
rpv2-00279,Field note: A little water is on thee roadside after rain; traffic is moving and everyone is safe. near the market.,LOW,flood,0,0,0,0,1,v2_flood_flood_low_puddle,controlled_synthetic_v2,V2 mixed-disaster scenario family flood_low_puddle; label reflects contextual rescue urgency.,en,train
rpv2-00372,Caller says: We are watching the storm from a safe place; no assistance is needed. at the apartment block. Please advise.,LOW,hurricane,0,0,0,0,2,v2_hurricane_hurricane_low_watch,controlled_synthetic_v2,V2 mixed-disaster scenario family hurricane_low_watch; label reflects contextual rescue urgency.,en,test
rpv2-00575,"Field note: The situation sounds serious in thee news, but everyone at this location is safe. at the apartment block. No further details yet.",LOW,other,0,0,0,0,2,v2_other_other_low_safe,controlled_synthetic_v2,V2 mixed-disaster scenario family other_low_safe; label reflects contextual rescue urgency.,en,train
rpv2-00463,Field note: The fire drill at thee plant is finished and everyone is safe. at the apartment block. No further details yet.,LOW,industrial,0,0,1,0,40,v2_industrial_industrial_low_drill,controlled_synthetic_v2,V2 mixed-disaster scenario family industrial_low_drill; label reflects contextual rescue urgency.,en,train
rpv2-00231,Field note: The flood damaged thee lower floors; families are outside but need urgent shelter. by the river.,HIGH,flood,0,0,0,0,12,v2_flood_flood_high_damage,controlled_synthetic_v2,V2 mixed-disaster scenario family flood_high_damage; label reflects contextual rescue urgency.,en,train
rpv2-00305,The storm collapsed a structure with people inside; rescue teams are urgently required. along the main road. We need the appropriate response.,CRITICAL,hurricane,0,1,0,0,7,v2_hurricane_hurricane_critical_collapse,controlled_synthetic_v2,V2 mixed-disaster scenario family hurricane_critical_collapse; label reflects contextual rescue urgency.,en,validation
rpv2-00845,Update: A vehicle stopped on the roadside; traffic is moving and no one is hurt. Please send someone. by the river. We need the appropriate response.,LOW,transportation,0,0,0,0,1,v2_transportation_transport_low_stopped,controlled_synthetic_v2,V2 mixed-disaster scenario family transport_low_stopped; label reflects contextual rescue urgency.,en,test
rpv2-00671,Field note: Just checking thee community channel; there is no active incident. on the east side. Please advise.,LOW,societal,0,0,0,0,0,v2_societal_societal_low_check,controlled_synthetic_v2,V2 mixed-disaster scenario family societal_low_check; label reflects contextual rescue urgency.,en,test
rpv2-00139,"Please help, A serious but stable injury followed the earthquake and is asking for urgent treatment. along the main road. This is the current update.",HIGH,earthquake,1,0,0,1,1,v2_earthquake_earthquake_high_injury,controlled_synthetic_v2,V2 mixed-disaster scenario family earthquake_high_injury; label reflects contextual rescue urgency.,en,validation
rpv2-00292,Caller says: The hurricane destroyed the house and two residents are trapped inside. near the market. This is the current update.,CRITICAL,hurricane,0,1,0,0,2,v2_hurricane_hurricane_critical_trapped,controlled_synthetic_v2,V2 mixed-disaster scenario family hurricane_critical_trapped; label reflects contextual rescue urgency.,en,train
rpv2-00653,Update: This is a report about unrest elsewhere; our area is calm and safe. Please send someone. by the river. Please advise.,LOW,societal,0,0,0,0,0,v2_societal_societal_low_news,controlled_synthetic_v2,V2 mixed-disaster scenario family societal_low_news; label reflects contextual rescue urgency.,en,test
rpv2-00884,Caller says: The fire blocked both exits and a family cannot escape. at the apartment block. This is the current update.,CRITICAL,wildfire,0,1,1,0,4,v2_wildfire_wildfire_critical_escape,controlled_synthetic_v2,V2 mixed-disaster scenario family wildfire_critical_escape; label reflects contextual rescue urgency.,en,train
rpv2-00681,An unconscious person is in the damaged shelter after the tornado. near the school.,CRITICAL,tornado,1,0,0,1,1,v2_tornado_tornado_critical_unconscious,controlled_synthetic_v2,V2 mixed-disaster scenario family tornado_critical_unconscious; label reflects contextual rescue urgency.,en,train
rpv2-00719,Field note: Several people have serious injuries after thee tornado but are conscious. by the river. Please advise.,HIGH,tornado,1,0,0,1,6,v2_tornado_tornado_high_injury,controlled_synthetic_v2,V2 mixed-disaster scenario family tornado_high_injury; label reflects contextual rescue urgency.,en,test
rpv2-00850,"SOS: This is transportation news, not an accident requiring responders. on the east side. This is the current update.",LOW,transportation,0,0,0,0,0,v2_transportation_transport_low_news,controlled_synthetic_v2,V2 mixed-disaster scenario family transport_low_news; label reflects contextual rescue urgency.,en,train
rpv2-00240,Report from resident: Third-party report: A vehicle is surrounded by water and responders should help move the occupants safely. at the apartment block.,HIGH,flood,0,0,0,0,4,v2_flood_flood_high_vehicle,controlled_synthetic_v2,V2 mixed-disaster scenario family flood_high_vehicle; label reflects contextual rescue urgency.,en,test
rpv2-00634,SOS: A crowd has closed the route while residents need information and support. by the river. We need the appropriate response.,MEDIUM,societal,0,0,0,0,30,v2_societal_societal_medium_route,controlled_synthetic_v2,V2 mixed-disaster scenario family societal_medium_route; label reflects contextual rescue urgency.,en,test
rpv2-00221,Update: Floodwater is rising toward several houses and an evacuation is needed. Please send someone. on the east side. No further details yet.,HIGH,flood,0,0,0,0,18,v2_flood_flood_high_evacuation,controlled_synthetic_v2,V2 mixed-disaster scenario family flood_high_evacuation; label reflects contextual rescue urgency.,en,validation
rpv2-00809,"A vehicle fire is contained and passengers evacuated, but the scene needs urgent support. by the river.",HIGH,transportation,0,0,1,0,12,v2_transportation_transport_high_fire,controlled_synthetic_v2,V2 mixed-disaster scenario family transport_high_fire; label reflects contextual rescue urgency.,en,train
rpv2-00419,"Please help, A chemical leak made the plant unsafe and workers need urgent evacuation. along the main road. No further details yet.",HIGH,industrial,0,0,0,1,30,v2_industrial_industrial_high_spill,controlled_synthetic_v2,V2 mixed-disaster scenario family industrial_high_spill; label reflects contextual rescue urgency.,en,train
rpv2-00686,Need assistance — Can someone help? an unconscious person is in the damaged shelter after the tornado. near the school. No further details yet.,CRITICAL,tornado,1,0,0,1,1,v2_tornado_tornado_critical_unconscious,controlled_synthetic_v2,V2 mixed-disaster scenario family tornado_critical_unconscious; label reflects contextual rescue urgency.,en,train
rpv2-00317,Update: Hurricane damage made several homes unsafe and families need evacuation help. Please send someone. near the market. Please advise.,HIGH,hurricane,0,0,0,0,18,v2_hurricane_hurricane_high_evacuation,controlled_synthetic_v2,V2 mixed-disaster scenario family hurricane_high_evacuation; label reflects contextual rescue urgency.,en,train
rpv2-00911,Field note: A serious injury occurred while people evacuated thee wildfire area. near the market. Please advise.,HIGH,wildfire,1,0,0,1,3,v2_wildfire_wildfire_high_injury,controlled_synthetic_v2,V2 mixed-disaster scenario family wildfire_high_injury; label reflects contextual rescue urgency.,en,train
rpv2-00648,Report from resident: Third-party report: One person has a minor injury after the disturbance and needs assistance. along the main road. Please advise.,MEDIUM,societal,1,0,0,1,1,v2_societal_societal_medium_injury,controlled_synthetic_v2,V2 mixed-disaster scenario family societal_medium_injury; label reflects contextual rescue urgency.,en,train
rpv2-00811,"Please help, A vehicle fire is contained and passengers evacuated, but the scene is asking for urgent support. at the apartment block. No further details yet.",HIGH,transportation,0,0,1,0,12,v2_transportation_transport_high_fire,controlled_synthetic_v2,V2 mixed-disaster scenario family transport_high_fire; label reflects contextual rescue urgency.,en,train
rpv2-00399,Field note: Multiple workers are severely burned after thee explosion and need emergency care. at the apartment block. This is the current update.,CRITICAL,industrial,1,0,1,1,8,v2_industrial_industrial_critical_burns,controlled_synthetic_v2,V2 mixed-disaster scenario family industrial_critical_burns; label reflects contextual rescue urgency.,en,train
rpv2-00481,Several people are trapped and cannot escape; immediate rescue is required. on the east side. Please advise.,CRITICAL,other,0,1,0,0,6,v2_other_other_critical_trapped,controlled_synthetic_v2,V2 mixed-disaster scenario family other_critical_trapped; label reflects contextual rescue urgency.,en,train
rpv2-00731,"Please help, Several streets lost power after the tornado; residents need local support. at the apartment block. This is the current update.",MEDIUM,tornado,0,0,0,0,30,v2_tornado_tornado_medium_power,controlled_synthetic_v2,V2 mixed-disaster scenario family tornado_medium_power; label reflects contextual rescue urgency.,en,validation
rpv2-00375,Field note: We are watching thee storm from a safe place; no assistance is needed. near the market. This is the current update.,LOW,hurricane,0,0,0,0,2,v2_hurricane_hurricane_low_watch,controlled_synthetic_v2,V2 mixed-disaster scenario family hurricane_low_watch; label reflects contextual rescue urgency.,en,test
rpv2-00542,Need assistance — Can someone help? moderate damage affects the area and residents need a welfare check. by the river. Please advise.,MEDIUM,other,0,0,0,0,15,v2_other_other_medium_damage,controlled_synthetic_v2,V2 mixed-disaster scenario family other_medium_damage; label reflects contextual rescue urgency.,en,train
rpv2-00053,Update: Several residents have mild symptoms and need a health information point. Please send someone. at the apartment block. Please advise.,MEDIUM,biological,0,0,0,1,8,v2_biological_biological_medium_symptoms,controlled_synthetic_v2,V2 mixed-disaster scenario family biological_medium_symptoms; label reflects contextual rescue urgency.,en,train
rpv2-00203,"Please help, A child and two adults are stranded on a roof; immediate water rescue is required. along the main road. This is the current update.",CRITICAL,flood,0,1,0,0,3,v2_flood_flood_critical_rescue,controlled_synthetic_v2,V2 mixed-disaster scenario family flood_critical_rescue; label reflects contextual rescue urgency.,en,train
rpv2-00356,"Caller says: Several residents need water after the storm, with no immediate danger reported. near the market. We need the appropriate response.",MEDIUM,hurricane,0,0,0,0,20,v2_hurricane_hurricane_medium_supplies,controlled_synthetic_v2,V2 mixed-disaster scenario family hurricane_medium_supplies; label reflects contextual rescue urgency.,en,train
rpv2-00410,SOS: A building fire requires evacuation; everyone is outside but support is needed. along the main road.,HIGH,industrial,0,0,1,0,18,v2_industrial_industrial_high_fire,controlled_synthetic_v2,V2 mixed-disaster scenario family industrial_high_fire; label reflects contextual rescue urgency.,en,train
rpv2-00072,Report from resident: Third-party report: The neighborhood needs screening after an outbreak report; no immediate danger is reported. on the east side. Please advise.,MEDIUM,biological,0,0,0,1,40,v2_biological_biological_medium_screening,controlled_synthetic_v2,V2 mixed-disaster scenario family biological_medium_screening; label reflects contextual rescue urgency.,en,train
rpv2-00113,Multiple people are severely injured after the collapse and need immediate medical rescue. along the main road. No further details yet.,CRITICAL,earthquake,1,0,0,1,12,v2_earthquake_earthquake_critical_multiple,controlled_synthetic_v2,V2 mixed-disaster scenario family earthquake_critical_multiple; label reflects contextual rescue urgency.,en,train
rpv2-00330,SOS: A serious injury occurred during the storm; the person is conscious but needs urgent care. near the market. Please advise.,HIGH,hurricane,1,0,0,1,1,v2_hurricane_hurricane_high_injury,controlled_synthetic_v2,V2 mixed-disaster scenario family hurricane_high_injury; label reflects contextual rescue urgency.,en,train
rpv2-00446,Need assistance — Can someone help? a small chemical spill closed one room; nobody is hurt and cleanup is needed. near the school. Please advise.,MEDIUM,industrial,0,0,0,0,3,v2_industrial_industrial_medium_spill,controlled_synthetic_v2,V2 mixed-disaster scenario family industrial_medium_spill; label reflects contextual rescue urgency.,en,test
rpv2-00152,Report from resident: Third-party report: The earthquake left cracks in one room; residents are safe but need an inspection. on the east side. This is the current update.,MEDIUM,earthquake,0,0,0,0,3,v2_earthquake_earthquake_medium_cracks,controlled_synthetic_v2,V2 mixed-disaster scenario family earthquake_medium_cracks; label reflects contextual rescue urgency.,en,train
rpv2-00557,"Update: Hello, this is a test message and nobody needs assistance. Please send someone. on the east side. We need the appropriate response.",LOW,other,0,0,0,0,0,v2_other_other_low_greeting,controlled_synthetic_v2,V2 mixed-disaster scenario family other_low_greeting; label reflects contextual rescue urgency.,en,train
rpv2-00559,"Field note: Hello, this is a test message and nobody needs assistance. pls. near the market.",LOW,other,0,0,0,0,0,v2_other_other_low_greeting,controlled_synthetic_v2,V2 mixed-disaster scenario family other_low_greeting; label reflects contextual rescue urgency.,en,train
rpv2-00165,"Update: A wall is partly damaged and the family needs temporary support, not rescue. Please send someone. near the market. This is the current update.",MEDIUM,earthquake,0,0,0,0,4,v2_earthquake_earthquake_medium_wall,controlled_synthetic_v2,V2 mixed-disaster scenario family earthquake_medium_wall; label reflects contextual rescue urgency.,en,test
rpv2-00835,"Please help, One person has a painful but stable injury after a collision. near the market. Please advise.",MEDIUM,transportation,1,0,0,1,1,v2_transportation_transport_medium_injury,controlled_synthetic_v2,V2 mixed-disaster scenario family transport_medium_injury; label reflects contextual rescue urgency.,en,train
rpv2-00870,Need assistance — Can someone help? the wildfire surrounds the house and residents are trapped inside. by the river. No further details yet.,CRITICAL,wildfire,0,1,1,0,5,v2_wildfire_wildfire_critical_trapped,controlled_synthetic_v2,V2 mixed-disaster scenario family wildfire_critical_trapped; label reflects contextual rescue urgency.,en,train
rpv2-00888,Report from resident: Third-party report: The fire blocked both exits and a family cannot escape. near the school. No further details yet.,CRITICAL,wildfire,0,1,1,0,4,v2_wildfire_wildfire_critical_escape,controlled_synthetic_v2,V2 mixed-disaster scenario family wildfire_critical_escape; label reflects contextual rescue urgency.,en,train
rpv2-00079,Field note: This is a health news update; no one here is ill or requesting help. pls. at the apartment block.,LOW,biological,0,0,0,0,0,v2_biological_biological_low_news,controlled_synthetic_v2,V2 mixed-disaster scenario family biological_low_news; label reflects contextual rescue urgency.,en,validation
rpv2-00488,Report from resident: Third-party report: Several people are trapped and cannot escape; immediate rescue is required. on the east side. No further details yet.,CRITICAL,other,0,1,0,0,6,v2_other_other_critical_trapped,controlled_synthetic_v2,V2 mixed-disaster scenario family other_critical_trapped; label reflects contextual rescue urgency.,en,train
rpv2-00232,Report from resident: Third-party report: The flood damaged the lower floors; families are outside but need urgent shelter. along the main road. This is the current update.,HIGH,flood,0,0,0,0,12,v2_flood_flood_high_damage,controlled_synthetic_v2,V2 mixed-disaster scenario family flood_high_damage; label reflects contextual rescue urgency.,en,train
rpv2-00088,Report from resident: Third-party report: Please share general information about prevention; there is no emergency. near the school. No further details yet.,LOW,biological,0,0,0,0,0,v2_biological_biological_low_advice,controlled_synthetic_v2,V2 mixed-disaster scenario family biological_low_advice; label reflects contextual rescue urgency.,en,train
rpv2-00214,Need assistance — Can someone help? floodwater swept through the building; injured residents need immediate rescue. at the apartment block. We need the appropriate response.,CRITICAL,flood,1,0,0,1,7,v2_flood_flood_critical_injured,controlled_synthetic_v2,V2 mixed-disaster scenario family flood_critical_injured; label reflects contextual rescue urgency.,en,train
rpv2-00784,Report from resident: Third-party report: A passenger is bleeding severely after the collision and is losing consciousness. by the river. This is the current update.,CRITICAL,transportation,1,0,0,1,1,v2_transportation_transport_critical_bleeding,controlled_synthetic_v2,V2 mixed-disaster scenario family transport_critical_bleeding; label reflects contextual rescue urgency.,en,test
rpv2-00302,Need assistance — Can someone help? a resident is bleeding badly after debris struck them; immediate medical help is needed. near the school. No further details yet.,CRITICAL,hurricane,1,0,0,1,1,v2_hurricane_hurricane_critical_bleeding,controlled_synthetic_v2,V2 mixed-disaster scenario family hurricane_critical_bleeding; label reflects contextual rescue urgency.,en,train
rpv2-00352,Report from resident: Third-party report: Wind damaged part of a roof; everyone is safe but the family needs assistance. on the east side.,MEDIUM,hurricane,0,0,0,0,4,v2_hurricane_hurricane_medium_roof,controlled_synthetic_v2,V2 mixed-disaster scenario family hurricane_medium_roof; label reflects contextual rescue urgency.,en,train
rpv2-00133,Update: Several homes are unsafe after the quake; residents need urgent shelter. Please send someone. near the market. This is the current update.,HIGH,earthquake,0,0,0,0,22,v2_earthquake_earthquake_high_shelter,controlled_synthetic_v2,V2 mixed-disaster scenario family earthquake_high_shelter; label reflects contextual rescue urgency.,en,train
rpv2-00346,SOS: Wind damaged part of a roof; everyone is safe but the family needs assistance. by the river. We need the appropriate response.,MEDIUM,hurricane,0,0,0,0,4,v2_hurricane_hurricane_medium_roof,controlled_synthetic_v2,V2 mixed-disaster scenario family hurricane_medium_roof; label reflects contextual rescue urgency.,en,train
rpv2-00169,I am sharing earthquake news; this location has no damage and everyone is safe. near the school. This is the current update.,LOW,earthquake,0,0,0,0,0,v2_earthquake_earthquake_low_news,controlled_synthetic_v2,V2 mixed-disaster scenario family earthquake_low_news; label reflects contextual rescue urgency.,en,train
rpv2-00770,SOS: Passengers are trapped in the overturned bus while need immediate rescue. by the river. We need the appropriate response.,CRITICAL,transportation,1,1,0,1,9,v2_transportation_transport_critical_trapped,controlled_synthetic_v2,V2 mixed-disaster scenario family transport_critical_trapped; label reflects contextual rescue urgency.,en,train
rpv2-00583,Field note: People are trapped inside thee damaged facility and need immediate rescue. by the river. This is the current update.,CRITICAL,societal,0,1,0,0,9,v2_societal_societal_critical_trapped,controlled_synthetic_v2,V2 mixed-disaster scenario family societal_critical_trapped; label reflects contextual rescue urgency.,en,train
rpv2-00626,SOS: A local disturbance damaged storefronts while businesses need basic assistance. by the river. Please advise.,MEDIUM,societal,0,0,0,0,8,v2_societal_societal_medium_damage,controlled_synthetic_v2,V2 mixed-disaster scenario family societal_medium_damage; label reflects contextual rescue urgency.,en,train
rpv2-00425,A worker has a serious injury after the machinery accident and needs urgent care. near the market. No further details yet.,HIGH,industrial,1,0,0,1,1,v2_industrial_industrial_high_injury,controlled_synthetic_v2,V2 mixed-disaster scenario family industrial_high_injury; label reflects contextual rescue urgency.,en,train
rpv2-00517,Update: Significant damage has made several rooms unsafe and families need relocation. Please send someone. near the market. We need the appropriate response.,HIGH,other,0,0,0,0,12,v2_other_other_high_damage,controlled_synthetic_v2,V2 mixed-disaster scenario family other_high_damage; label reflects contextual rescue urgency.,en,train
rpv2-00294,Need assistance — Can someone help? the hurricane destroyed the house and two residents are trapped inside. by the river.,CRITICAL,hurricane,0,1,0,0,2,v2_hurricane_hurricane_critical_trapped,controlled_synthetic_v2,V2 mixed-disaster scenario family hurricane_critical_trapped; label reflects contextual rescue urgency.,en,train
rpv2-00679,Field note: People are trapped under tornado debris and cannot escape without rescue. pls. near the market.,CRITICAL,tornado,1,1,0,1,6,v2_tornado_tornado_critical_debris,controlled_synthetic_v2,V2 mixed-disaster scenario family tornado_critical_debris; label reflects contextual rescue urgency.,en,validation
rpv2-00913,Wildfire smoke is affecting the neighborhood and residents need masks. near the market. This is the current update.,MEDIUM,wildfire,0,0,0,0,25,v2_wildfire_wildfire_medium_smoke,controlled_synthetic_v2,V2 mixed-disaster scenario family wildfire_medium_smoke; label reflects contextual rescue urgency.,en,train
rpv2-00834,SOS: One person has a painful but stable injury after a collision. on the east side. No further details yet.,MEDIUM,transportation,1,0,0,1,1,v2_transportation_transport_medium_injury,controlled_synthetic_v2,V2 mixed-disaster scenario family transport_medium_injury; label reflects contextual rescue urgency.,en,train
rpv2-00647,Field note: One person has a minor injury after thee disturbance and needs assistance. by the river. We need the appropriate response.,MEDIUM,societal,1,0,0,1,1,v2_societal_societal_medium_injury,controlled_synthetic_v2,V2 mixed-disaster scenario family societal_medium_injury; label reflects contextual rescue urgency.,en,train
rpv2-00377,"This is a hurricane news update, not a request for rescue. near the school.",LOW,hurricane,0,0,0,0,0,v2_hurricane_hurricane_low_news,controlled_synthetic_v2,V2 mixed-disaster scenario family hurricane_low_news; label reflects contextual rescue urgency.,en,train
rpv2-00234,SOS: A vehicle is surrounded by water while responders should help move the occupants safely. near the school. We need the appropriate response.,HIGH,flood,0,0,0,0,4,v2_flood_flood_high_vehicle,controlled_synthetic_v2,V2 mixed-disaster scenario family flood_high_vehicle; label reflects contextual rescue urgency.,en,test
rpv2-00156,Caller says: Shaking damaged the power connection and neighbors need local assistance. near the school. This is the current update.,MEDIUM,earthquake,0,0,0,0,10,v2_earthquake_earthquake_medium_power,controlled_synthetic_v2,V2 mixed-disaster scenario family earthquake_medium_power; label reflects contextual rescue urgency.,en,train
rpv2-00642,SOS: One person has a minor injury after the disturbance while needs assistance. near the school.,MEDIUM,societal,1,0,0,1,1,v2_societal_societal_medium_injury,controlled_synthetic_v2,V2 mixed-disaster scenario family societal_medium_injury; label reflects contextual rescue urgency.,en,train
rpv2-00861,Update: The station evacuation drill is complete and everyone is safe. Please send someone. along the main road. No further details yet.,LOW,transportation,0,0,0,0,30,v2_transportation_transport_low_drill,controlled_synthetic_v2,V2 mixed-disaster scenario family transport_low_drill; label reflects contextual rescue urgency.,en,train
rpv2-00554,"SOS: Hello, this is a test message while nobody needs assistance. along the main road.",LOW,other,0,0,0,0,0,v2_other_other_low_greeting,controlled_synthetic_v2,V2 mixed-disaster scenario family other_low_greeting; label reflects contextual rescue urgency.,en,train
rpv2-00612,Caller says: Several residents need urgent shelter after serious damage to the community center. on the east side. Please advise.,HIGH,societal,0,0,0,0,25,v2_societal_societal_high_damage,controlled_synthetic_v2,V2 mixed-disaster scenario family societal_high_damage; label reflects contextual rescue urgency.,en,train
rpv2-00957,Update: The wildfire evacuation drill ended normally and no one needs help. Please send someone. at the apartment block. We need the appropriate response.,LOW,wildfire,0,0,0,0,12,v2_wildfire_wildfire_low_drill,controlled_synthetic_v2,V2 mixed-disaster scenario family wildfire_low_drill; label reflects contextual rescue urgency.,en,train
rpv2-00905,A serious injury occurred while people evacuated the wildfire area. at the apartment block. Please advise.,HIGH,wildfire,1,0,0,1,3,v2_wildfire_wildfire_high_injury,controlled_synthetic_v2,V2 mixed-disaster scenario family wildfire_high_injury; label reflects contextual rescue urgency.,en,train
rpv2-00084,Caller says: Please share general information about prevention; there is no emergency. near the school. This is the current update.,LOW,biological,0,0,0,0,0,v2_biological_biological_low_advice,controlled_synthetic_v2,V2 mixed-disaster scenario family biological_low_advice; label reflects contextual rescue urgency.,en,train
rpv2-00016,Report from resident: Third-party report: A patient is struggling to breathe and needs immediate medical rescue. on the east side. No further details yet.,CRITICAL,biological,1,0,0,1,1,v2_biological_biological_critical_breathing,controlled_synthetic_v2,V2 mixed-disaster scenario family biological_critical_breathing; label reflects contextual rescue urgency.,en,test
rpv2-00011,"Please help, A patient is struggling to breathe and is asking for immediate medical rescue. on the east side. No further details yet.",CRITICAL,biological,1,0,0,1,1,v2_biological_biological_critical_breathing,controlled_synthetic_v2,V2 mixed-disaster scenario family biological_critical_breathing; label reflects contextual rescue urgency.,en,test
rpv2-00404,Caller says: A worker is unconscious in the hazardous area and responders cannot reach them. along the main road. This is the current update.,CRITICAL,industrial,1,0,0,1,1,v2_industrial_industrial_critical_unconscious,controlled_synthetic_v2,V2 mixed-disaster scenario family industrial_critical_unconscious; label reflects contextual rescue urgency.,en,train
rpv2-00296,Report from resident: Third-party report: The hurricane destroyed the house and two residents are trapped inside. near the market. No further details yet.,CRITICAL,hurricane,0,1,0,0,2,v2_hurricane_hurricane_critical_trapped,controlled_synthetic_v2,V2 mixed-disaster scenario family hurricane_critical_trapped; label reflects contextual rescue urgency.,en,train
rpv2-00107,"Please help, An unconscious person is inside the damaged structure and responders cannot reach them. near the market.",CRITICAL,earthquake,1,0,0,1,1,v2_earthquake_earthquake_critical_unconscious,controlled_synthetic_v2,V2 mixed-disaster scenario family earthquake_critical_unconscious; label reflects contextual rescue urgency.,en,validation
rpv2-00097,The building collapsed and people are trapped under debris; send rescue now. on the east side. No further details yet.,CRITICAL,earthquake,1,1,0,1,8,v2_earthquake_earthquake_critical_collapse,controlled_synthetic_v2,V2 mixed-disaster scenario family earthquake_critical_collapse; label reflects contextual rescue urgency.,en,train
rpv2-00145,The earthquake left cracks in one room; residents are safe but need an inspection. on the east side.,MEDIUM,earthquake,0,0,0,0,3,v2_earthquake_earthquake_medium_cracks,controlled_synthetic_v2,V2 mixed-disaster scenario family earthquake_medium_cracks; label reflects contextual rescue urgency.,en,train
rpv2-00338,SOS: The hurricane caused a local power outage while residents need basic support. at the apartment block. We need the appropriate response.,MEDIUM,hurricane,0,0,0,0,15,v2_hurricane_hurricane_medium_power,controlled_synthetic_v2,V2 mixed-disaster scenario family hurricane_medium_power; label reflects contextual rescue urgency.,en,train
rpv2-00144,Report from resident: Third-party report: A serious but stable injury followed the earthquake and needs urgent treatment. near the school. We need the appropriate response.,HIGH,earthquake,1,0,0,1,1,v2_earthquake_earthquake_high_injury,controlled_synthetic_v2,V2 mixed-disaster scenario family earthquake_high_injury; label reflects contextual rescue urgency.,en,validation
rpv2-00851,"Please help, This is transportation news, not an accident requiring responders. on the east side. Please advise.",LOW,transportation,0,0,0,0,0,v2_transportation_transport_low_news,controlled_synthetic_v2,V2 mixed-disaster scenario family transport_low_news; label reflects contextual rescue urgency.,en,train
rpv2-00527,Field note: A serious injury requires urgent response; thee person is conscious and stable. on the east side.,HIGH,other,1,0,0,1,1,v2_other_other_high_injury,controlled_synthetic_v2,V2 mixed-disaster scenario family other_high_injury; label reflects contextual rescue urgency.,en,train
rpv2-00484,Caller says: Several residents are trapped and cannot escape; immediate rescue is required. near the market.,CRITICAL,other,0,1,0,0,6,v2_other_other_critical_trapped,controlled_synthetic_v2,V2 mixed-disaster scenario family other_critical_trapped; label reflects contextual rescue urgency.,en,train
rpv2-00906,SOS: A serious injury occurred while people evacuated the wildfire area. near the market. This is the current update.,HIGH,wildfire,1,0,0,1,3,v2_wildfire_wildfire_high_injury,controlled_synthetic_v2,V2 mixed-disaster scenario family wildfire_high_injury; label reflects contextual rescue urgency.,en,train
rpv2-00482,SOS: Several people are trapped while cannot escape; immediate rescue is required. near the market. Please advise.,CRITICAL,other,0,1,0,0,6,v2_other_other_critical_trapped,controlled_synthetic_v2,V2 mixed-disaster scenario family other_critical_trapped; label reflects contextual rescue urgency.,en,train
rpv2-00185,The earthquake preparedness drill is complete; this is not an emergency. near the school. We need the appropriate response.,LOW,earthquake,0,0,0,0,0,v2_earthquake_earthquake_low_drill,controlled_synthetic_v2,V2 mixed-disaster scenario family earthquake_low_drill; label reflects contextual rescue urgency.,en,train
rpv2-00065,The neighborhood needs screening after an outbreak report; no immediate danger is reported. at the apartment block. We need the appropriate response.,MEDIUM,biological,0,0,0,1,40,v2_biological_biological_medium_screening,controlled_synthetic_v2,V2 mixed-disaster scenario family biological_medium_screening; label reflects contextual rescue urgency.,en,train
rpv2-00706,SOS: A damaged building is unsafe after the tornado while people must evacuate. near the school.,HIGH,tornado,0,0,0,0,14,v2_tornado_tornado_high_evacuation,controlled_synthetic_v2,V2 mixed-disaster scenario family tornado_high_evacuation; label reflects contextual rescue urgency.,en,train
rpv2-00020,Caller says: Multiple patients are collapsing and responders need to act immediately. along the main road. No further details yet.,CRITICAL,biological,1,0,0,1,12,v2_biological_biological_critical_multiple,controlled_synthetic_v2,V2 mixed-disaster scenario family biological_critical_multiple; label reflects contextual rescue urgency.,en,train
rpv2-00121,The earthquake badly damaged the building and occupants must evacuate. along the main road. We need the appropriate response.,HIGH,earthquake,0,0,0,0,15,v2_earthquake_earthquake_high_evacuation,controlled_synthetic_v2,V2 mixed-disaster scenario family earthquake_high_evacuation; label reflects contextual rescue urgency.,en,test
rpv2-00193,Several people are trapped by rapidly rising floodwater and cannot get out. near the school. Please advise.,CRITICAL,flood,0,1,0,0,6,v2_flood_flood_critical_trapped,controlled_synthetic_v2,V2 mixed-disaster scenario family flood_critical_trapped; label reflects contextual rescue urgency.,en,test
rpv2-00224,Report from resident: Third-party report: Floodwater is rising toward several houses and an evacuation is needed. near the market. We need the appropriate response.,HIGH,flood,0,0,0,0,18,v2_flood_flood_high_evacuation,controlled_synthetic_v2,V2 mixed-disaster scenario family flood_high_evacuation; label reflects contextual rescue urgency.,en,validation
rpv2-00711,Field note: A damaged building is unsafe after thee tornado and people must evacuate. along the main road.,HIGH,tornado,0,0,0,0,14,v2_tornado_tornado_high_evacuation,controlled_synthetic_v2,V2 mixed-disaster scenario family tornado_high_evacuation; label reflects contextual rescue urgency.,en,train
rpv2-00509,Update: A dangerous situation requires evacuation and urgent support for residents. Please send someone. by the river. Please advise.,HIGH,other,0,0,0,0,20,v2_other_other_high_evacuation,controlled_synthetic_v2,V2 mixed-disaster scenario family other_high_evacuation; label reflects contextual rescue urgency.,en,train
rpv2-00838,Need assistance — Can someone help? one person has a painful but stable injury after a collision. near the school. Please advise.,MEDIUM,transportation,1,0,0,1,1,v2_transportation_transport_medium_injury,controlled_synthetic_v2,V2 mixed-disaster scenario family transport_medium_injury; label reflects contextual rescue urgency.,en,train
rpv2-00800,Report from resident: Third-party report: A bus crash caused serious injuries; everyone is conscious and responders are needed. near the market.,HIGH,transportation,1,0,0,1,8,v2_transportation_transport_high_crash,controlled_synthetic_v2,V2 mixed-disaster scenario family transport_high_crash; label reflects contextual rescue urgency.,en,validation
rpv2-00095,Field note: The public-health exercise ended safely and all participants are accounted for. pls. at the apartment block. Please advise.,LOW,biological,0,0,0,0,25,v2_biological_biological_low_drill,controlled_synthetic_v2,V2 mixed-disaster scenario family biological_low_drill; label reflects contextual rescue urgency.,en,validation
rpv2-00675,"Please help, People are trapped under tornado debris and cannot escape without rescue. near the school. No further details yet.",CRITICAL,tornado,1,1,0,1,6,v2_tornado_tornado_critical_debris,controlled_synthetic_v2,V2 mixed-disaster scenario family tornado_critical_debris; label reflects contextual rescue urgency.,en,validation
rpv2-00725,Update: The tornado damaged a roof and the household needs repair assistance. Please send someone. along the main road.,MEDIUM,tornado,0,0,0,0,3,v2_tornado_tornado_medium_roof,controlled_synthetic_v2,V2 mixed-disaster scenario family tornado_medium_roof; label reflects contextual rescue urgency.,en,train
rpv2-00584,Report from resident: Third-party report: People are trapped inside the damaged facility and need immediate rescue. near the school. Please advise.,CRITICAL,societal,0,1,0,0,9,v2_societal_societal_critical_trapped,controlled_synthetic_v2,V2 mixed-disaster scenario family societal_critical_trapped; label reflects contextual rescue urgency.,en,train
rpv2-00045,Update: Several people are seriously ill but conscious and need urgent medical transport. Please send someone. at the apartment block. Please advise.,HIGH,biological,1,0,0,1,6,v2_biological_biological_high_injury,controlled_synthetic_v2,V2 mixed-disaster scenario family biological_high_injury; label reflects contextual rescue urgency.,en,train
rpv2-00595,"Please help, Multiple people are severely injured and responders must provide emergency care now. along the main road.",CRITICAL,societal,1,0,0,1,14,v2_societal_societal_critical_multiple,controlled_synthetic_v2,V2 mixed-disaster scenario family societal_critical_multiple; label reflects contextual rescue urgency.,en,train
rpv2-00334,Need assistance — Can someone help? a serious injury occurred during the storm; the person is conscious but needs urgent care. near the market.,HIGH,hurricane,1,0,0,1,1,v2_hurricane_hurricane_high_injury,controlled_synthetic_v2,V2 mixed-disaster scenario family hurricane_high_injury; label reflects contextual rescue urgency.,en,train
rpv2-00450,SOS: A machine damaged part of the facility while staff need a safe inspection. near the market. This is the current update.,MEDIUM,industrial,0,0,0,0,10,v2_industrial_industrial_medium_damage,controlled_synthetic_v2,V2 mixed-disaster scenario family industrial_medium_damage; label reflects contextual rescue urgency.,en,test
rpv2-00729,Several streets lost power after the tornado; residents need local support. by the river. Please advise.,MEDIUM,tornado,0,0,0,0,30,v2_tornado_tornado_medium_power,controlled_synthetic_v2,V2 mixed-disaster scenario family tornado_medium_power; label reflects contextual rescue urgency.,en,validation
rpv2-00223,Field note: Floodwater is rising toward several houses and an evacuation is needed. pls. near the market. We need the appropriate response.,HIGH,flood,0,0,0,0,18,v2_flood_flood_high_evacuation,controlled_synthetic_v2,V2 mixed-disaster scenario family flood_high_evacuation; label reflects contextual rescue urgency.,en,validation
rpv2-00786,SOS: An active vehicle fire has people trapped inside. near the school. This is the current update.,CRITICAL,transportation,0,1,1,0,5,v2_transportation_transport_critical_fire,controlled_synthetic_v2,V2 mixed-disaster scenario family transport_critical_fire; label reflects contextual rescue urgency.,en,test
rpv2-00120,Report from resident: Third-party report: Multiple people are severely injured after the collapse and need immediate medical rescue. along the main road. Please advise.,CRITICAL,earthquake,1,0,0,1,12,v2_earthquake_earthquake_critical_multiple,controlled_synthetic_v2,V2 mixed-disaster scenario family earthquake_critical_multiple; label reflects contextual rescue urgency.,en,train
rpv2-00159,Field note: Shaking damaged thee power connection and neighbors need local assistance. along the main road. No further details yet.,MEDIUM,earthquake,0,0,0,0,10,v2_earthquake_earthquake_medium_power,controlled_synthetic_v2,V2 mixed-disaster scenario family earthquake_medium_power; label reflects contextual rescue urgency.,en,train
rpv2-00046,Need assistance — Can someone help? several people are seriously ill but conscious and need urgent medical transport. at the apartment block. No further details yet.,HIGH,biological,1,0,0,1,6,v2_biological_biological_high_injury,controlled_synthetic_v2,V2 mixed-disaster scenario family biological_high_injury; label reflects contextual rescue urgency.,en,train
rpv2-00690,SOS: The tornado destroyed the building while multiple residents are severely injured. near the school. We need the appropriate response.,CRITICAL,tornado,1,0,0,1,10,v2_tornado_tornado_critical_collapse,controlled_synthetic_v2,V2 mixed-disaster scenario family tornado_critical_collapse; label reflects contextual rescue urgency.,en,train
rpv2-00359,"Field note: Several residents need water after thee storm, with no immediate danger reported. by the river. Please advise.",MEDIUM,hurricane,0,0,0,0,20,v2_hurricane_hurricane_medium_supplies,controlled_synthetic_v2,V2 mixed-disaster scenario family hurricane_medium_supplies; label reflects contextual rescue urgency.,en,train
rpv2-00500,Caller says: A person is severely bleeding and needs emergency rescue now. by the river. We need the appropriate response.,CRITICAL,other,1,0,0,1,1,v2_other_other_critical_bleeding,controlled_synthetic_v2,V2 mixed-disaster scenario family other_critical_bleeding; label reflects contextual rescue urgency.,en,train
rpv2-00599,Field note: Multiple people are severely injured and responders must provide emergency care now. pls. by the river. Please advise.,CRITICAL,societal,1,0,0,1,14,v2_societal_societal_critical_multiple,controlled_synthetic_v2,V2 mixed-disaster scenario family societal_critical_multiple; label reflects contextual rescue urgency.,en,train
rpv2-00172,Caller says: I am sharing earthquake news; this location has no damage and everyone is safe. near the market. This is the current update.,LOW,earthquake,0,0,0,0,0,v2_earthquake_earthquake_low_news,controlled_synthetic_v2,V2 mixed-disaster scenario family earthquake_low_news; label reflects contextual rescue urgency.,en,train
rpv2-00946,SOS: This wildfire report is for information only; our neighborhood is unaffected. along the main road. No further details yet.,LOW,wildfire,0,0,0,0,0,v2_wildfire_wildfire_low_news,controlled_synthetic_v2,V2 mixed-disaster scenario family wildfire_low_news; label reflects contextual rescue urgency.,en,train
rpv2-00328,Report from resident: Third-party report: Strong winds damaged the shelter; residents are outside and need urgent relocation. on the east side. This is the current update.,HIGH,hurricane,0,0,0,0,25,v2_hurricane_hurricane_high_wind,controlled_synthetic_v2,V2 mixed-disaster scenario family hurricane_high_wind; label reflects contextual rescue urgency.,en,train
rpv2-00831,Field note: A bus breakdown has stranded passengers who need local support. pls. near the market. We need the appropriate response.,MEDIUM,transportation,0,0,0,0,16,v2_transportation_transport_medium_delay,controlled_synthetic_v2,V2 mixed-disaster scenario family transport_medium_delay; label reflects contextual rescue urgency.,en,train
rpv2-00898,SOS: Fire damaged part of the building; everyone evacuated safely but support is needed. along the main road. No further details yet.,HIGH,wildfire,0,0,1,0,9,v2_wildfire_wildfire_high_damage,controlled_synthetic_v2,V2 mixed-disaster scenario family wildfire_high_damage; label reflects contextual rescue urgency.,en,train
rpv2-00774,Need assistance — Can someone help? passengers are trapped in the overturned bus and need immediate rescue. by the river. No further details yet.,CRITICAL,transportation,1,1,0,1,9,v2_transportation_transport_critical_trapped,controlled_synthetic_v2,V2 mixed-disaster scenario family transport_critical_trapped; label reflects contextual rescue urgency.,en,train
rpv2-00519,Field note: Significant damage has made several rooms unsafe and families need relocation. pls. at the apartment block. This is the current update.,HIGH,other,0,0,0,0,12,v2_other_other_high_damage,controlled_synthetic_v2,V2 mixed-disaster scenario family other_high_damage; label reflects contextual rescue urgency.,en,train
rpv2-00952,Report from resident: Third-party report: This wildfire report is for information only; our neighborhood is unaffected. by the river. Please advise.,LOW,wildfire,0,0,0,0,0,v2_wildfire_wildfire_low_news,controlled_synthetic_v2,V2 mixed-disaster scenario family wildfire_low_news; label reflects contextual rescue urgency.,en,train
rpv2-00344,Report from resident: Third-party report: The hurricane caused a local power outage and residents need basic support. on the east side. We need the appropriate response.,MEDIUM,hurricane,0,0,0,0,15,v2_hurricane_hurricane_medium_power,controlled_synthetic_v2,V2 mixed-disaster scenario family hurricane_medium_power; label reflects contextual rescue urgency.,en,train
rpv2-00791,Field note: An active vehicle fire has people trapped inside. pls. at the apartment block. This is the current update.,CRITICAL,transportation,0,1,1,0,5,v2_transportation_transport_critical_fire,controlled_synthetic_v2,V2 mixed-disaster scenario family transport_critical_fire; label reflects contextual rescue urgency.,en,test
rpv2-00696,Report from resident: Third-party report: The tornado destroyed the building and multiple residents are severely injured. on the east side. Please advise.,CRITICAL,tornado,1,0,0,1,10,v2_tornado_tornado_critical_collapse,controlled_synthetic_v2,V2 mixed-disaster scenario family tornado_critical_collapse; label reflects contextual rescue urgency.,en,train
rpv2-00919,Field note: Wildfire smoke is affecting thee neighborhood and residents need masks. near the school. Please advise.,MEDIUM,wildfire,0,0,0,0,25,v2_wildfire_wildfire_medium_smoke,controlled_synthetic_v2,V2 mixed-disaster scenario family wildfire_medium_smoke; label reflects contextual rescue urgency.,en,train
rpv2-00242,"SOS: Floodwater entered the yard while we need basic assistance, but nobody is trapped. along the main road.",MEDIUM,flood,0,0,0,0,2,v2_flood_flood_medium_home,controlled_synthetic_v2,V2 mixed-disaster scenario family flood_medium_home; label reflects contextual rescue urgency.,en,train
rpv2-00319,Field note: Hurricane damage made several homes unsafe and families need evacuation help. pls. near the market. We need the appropriate response.,HIGH,hurricane,0,0,0,0,18,v2_hurricane_hurricane_high_evacuation,controlled_synthetic_v2,V2 mixed-disaster scenario family hurricane_high_evacuation; label reflects contextual rescue urgency.,en,train
rpv2-00713,Several people have serious injuries after the tornado but are conscious. along the main road. This is the current update.,HIGH,tornado,1,0,0,1,6,v2_tornado_tornado_high_injury,controlled_synthetic_v2,V2 mixed-disaster scenario family tornado_high_injury; label reflects contextual rescue urgency.,en,test
rpv2-00539,"Please help, Moderate damage affects the area and residents need a welfare check. at the apartment block. Please advise.",MEDIUM,other,0,0,0,0,15,v2_other_other_medium_damage,controlled_synthetic_v2,V2 mixed-disaster scenario family other_medium_damage; label reflects contextual rescue urgency.,en,train
rpv2-00747,"Please help, The tornado warning has ended here and everyone is safe; no response is needed. along the main road. Please advise.",LOW,tornado,0,0,0,0,0,v2_tornado_tornado_low_warning,controlled_synthetic_v2,V2 mixed-disaster scenario family tornado_low_warning; label reflects contextual rescue urgency.,en,train
rpv2-00267,"Please help, News about flooding is circulating, but our street is dry and nobody is asking for help. near the market.",LOW,flood,0,0,0,0,0,v2_flood_flood_low_news,controlled_synthetic_v2,V2 mixed-disaster scenario family flood_low_news; label reflects contextual rescue urgency.,en,train
rpv2-00521,A serious injury requires urgent response; the person is conscious and stable. on the east side. This is the current update.,HIGH,other,1,0,0,1,1,v2_other_other_high_injury,controlled_synthetic_v2,V2 mixed-disaster scenario family other_high_injury; label reflects contextual rescue urgency.,en,train
rpv2-00873,Several people have severe burns and need immediate medical rescue. by the river. Please advise.,CRITICAL,wildfire,1,0,1,1,6,v2_wildfire_wildfire_critical_burns,controlled_synthetic_v2,V2 mixed-disaster scenario family wildfire_critical_burns; label reflects contextual rescue urgency.,en,train
rpv2-00195,"Please help, Several people are trapped by rapidly rising floodwater and cannot get out. at the apartment block. Please advise.",CRITICAL,flood,0,1,0,0,6,v2_flood_flood_critical_trapped,controlled_synthetic_v2,V2 mixed-disaster scenario family flood_critical_trapped; label reflects contextual rescue urgency.,en,test
rpv2-00119,Field note: Multiple people are severely injured after thee collapse and need immediate medical rescue. near the market. No further details yet.,CRITICAL,earthquake,1,0,0,1,12,v2_earthquake_earthquake_critical_multiple,controlled_synthetic_v2,V2 mixed-disaster scenario family earthquake_critical_multiple; label reflects contextual rescue urgency.,en,train
rpv2-00226,SOS: The flood damaged the lower floors; families are outside but need urgent shelter. along the main road. Please advise.,HIGH,flood,0,0,0,0,12,v2_flood_flood_high_damage,controlled_synthetic_v2,V2 mixed-disaster scenario family flood_high_damage; label reflects contextual rescue urgency.,en,train
rpv2-00090,SOS: The public-health exercise ended safely while all participants are accounted for. at the apartment block. Please advise.,LOW,biological,0,0,0,0,25,v2_biological_biological_low_drill,controlled_synthetic_v2,V2 mixed-disaster scenario family biological_low_drill; label reflects contextual rescue urgency.,en,validation
rpv2-00866,SOS: The wildfire surrounds the house while residents are trapped inside. near the school. This is the current update.,CRITICAL,wildfire,0,1,1,0,5,v2_wildfire_wildfire_critical_trapped,controlled_synthetic_v2,V2 mixed-disaster scenario family wildfire_critical_trapped; label reflects contextual rescue urgency.,en,train
rpv2-00615,Field note: Several people need urgent shelter after serious damage to thee community center. near the school. We need the appropriate response.,HIGH,societal,0,0,0,0,25,v2_societal_societal_high_damage,controlled_synthetic_v2,V2 mixed-disaster scenario family societal_high_damage; label reflects contextual rescue urgency.,en,train
rpv2-00123,"Please help, The earthquake badly damaged the building and occupants must evacuate. along the main road.",HIGH,earthquake,0,0,0,0,15,v2_earthquake_earthquake_high_evacuation,controlled_synthetic_v2,V2 mixed-disaster scenario family earthquake_high_evacuation; label reflects contextual rescue urgency.,en,test
rpv2-00837,Update: One person has a painful but stable injury after a collision. Please send someone. along the main road. We need the appropriate response.,MEDIUM,transportation,1,0,0,1,1,v2_transportation_transport_medium_injury,controlled_synthetic_v2,V2 mixed-disaster scenario family transport_medium_injury; label reflects contextual rescue urgency.,en,train
rpv2-00248,"Report from resident: Third-party report: Floodwater entered the yard and we need basic assistance, but nobody is trapped. at the apartment block. We need the appropriate response.",MEDIUM,flood,0,0,0,0,2,v2_flood_flood_medium_home,controlled_synthetic_v2,V2 mixed-disaster scenario family flood_medium_home; label reflects contextual rescue urgency.,en,train
rpv2-00400,Report from resident: Third-party report: Multiple workers are severely burned after the explosion and need emergency care. along the main road. Please advise.,CRITICAL,industrial,1,0,1,1,8,v2_industrial_industrial_critical_burns,controlled_synthetic_v2,V2 mixed-disaster scenario family industrial_critical_burns; label reflects contextual rescue urgency.,en,train
rpv2-00803,"Please help, A train derailment damaged the carriage and passengers need urgent evacuation. on the east side.",HIGH,transportation,0,0,0,0,40,v2_transportation_transport_high_derail,controlled_synthetic_v2,V2 mixed-disaster scenario family transport_high_derail; label reflects contextual rescue urgency.,en,train
rpv2-00629,Update: A local disturbance damaged storefronts and businesses need basic assistance. Please send someone. at the apartment block. No further details yet.,MEDIUM,societal,0,0,0,0,8,v2_societal_societal_medium_damage,controlled_synthetic_v2,V2 mixed-disaster scenario family societal_medium_damage; label reflects contextual rescue urgency.,en,train
rpv2-00127,Field note: The earthquake badly damaged thee building and occupants must evacuate. on the east side. Please advise.,HIGH,earthquake,0,0,0,0,15,v2_earthquake_earthquake_high_evacuation,controlled_synthetic_v2,V2 mixed-disaster scenario family earthquake_high_evacuation; label reflects contextual rescue urgency.,en,test
rpv2-00753,"I am reporting tornado news from another town, not an emergency at this location. on the east side. Please advise.",LOW,tornado,0,0,0,0,0,v2_tornado_tornado_low_news,controlled_synthetic_v2,V2 mixed-disaster scenario family tornado_low_news; label reflects contextual rescue urgency.,en,validation
rpv2-00213,Update: Floodwater swept through the building; injured residents need immediate rescue. Please send someone. on the east side. No further details yet.,CRITICAL,flood,1,0,0,1,7,v2_flood_flood_critical_injured,controlled_synthetic_v2,V2 mixed-disaster scenario family flood_critical_injured; label reflects contextual rescue urgency.,en,train
rpv2-00432,Report from resident: Third-party report: A worker has a serious injury after the machinery accident and needs urgent care. on the east side. We need the appropriate response.,HIGH,industrial,1,0,0,1,1,v2_industrial_industrial_high_injury,controlled_synthetic_v2,V2 mixed-disaster scenario family industrial_high_injury; label reflects contextual rescue urgency.,en,train
rpv2-00644,Caller says: One person has a minor injury after the disturbance and needs assistance. near the school. We need the appropriate response.,MEDIUM,societal,1,0,0,1,1,v2_societal_societal_medium_injury,controlled_synthetic_v2,V2 mixed-disaster scenario family societal_medium_injury; label reflects contextual rescue urgency.,en,train
rpv2-00636,Caller says: A crowd has closed the route and residents need information and support. near the school. We need the appropriate response.,MEDIUM,societal,0,0,0,0,30,v2_societal_societal_medium_route,controlled_synthetic_v2,V2 mixed-disaster scenario family societal_medium_route; label reflects contextual rescue urgency.,en,test
rpv2-00318,Need assistance — Can someone help? hurricane damage made several homes unsafe and families need evacuation help. on the east side. We need the appropriate response.,HIGH,hurricane,0,0,0,0,18,v2_hurricane_hurricane_high_evacuation,controlled_synthetic_v2,V2 mixed-disaster scenario family hurricane_high_evacuation; label reflects contextual rescue urgency.,en,train
rpv2-00005,Update: Several people are unconscious during the severe outbreak and need emergency care. Please send someone. on the east side. This is the current update.,CRITICAL,biological,1,0,0,1,7,v2_biological_biological_critical_unconscious,controlled_synthetic_v2,V2 mixed-disaster scenario family biological_critical_unconscious; label reflects contextual rescue urgency.,en,train
rpv2-00839,Field note: One person has a painful but stable injury after a collision. pls. near the school.,MEDIUM,transportation,1,0,0,1,1,v2_transportation_transport_medium_injury,controlled_synthetic_v2,V2 mixed-disaster scenario family transport_medium_injury; label reflects contextual rescue urgency.,en,train
rpv2-00846,Need assistance — Can someone help? a vehicle stopped on the roadside; traffic is moving and no one is hurt. by the river.,LOW,transportation,0,0,0,0,1,v2_transportation_transport_low_stopped,controlled_synthetic_v2,V2 mixed-disaster scenario family transport_low_stopped; label reflects contextual rescue urgency.,en,test
rpv2-00388,Caller says: An active fire has workers trapped inside the plant; send rescue immediately. on the east side. No further details yet.,CRITICAL,industrial,0,1,1,0,7,v2_industrial_industrial_critical_trapped,controlled_synthetic_v2,V2 mixed-disaster scenario family industrial_critical_trapped; label reflects contextual rescue urgency.,en,validation
rpv2-00358,"Need assistance — Can someone help? several residents need water after the storm, with no immediate danger reported. near the market. This is the current update.",MEDIUM,hurricane,0,0,0,0,20,v2_hurricane_hurricane_medium_supplies,controlled_synthetic_v2,V2 mixed-disaster scenario family hurricane_medium_supplies; label reflects contextual rescue urgency.,en,train
rpv2-00081,Please share general information about prevention; there is no emergency. by the river. We need the appropriate response.,LOW,biological,0,0,0,0,0,v2_biological_biological_low_advice,controlled_synthetic_v2,V2 mixed-disaster scenario family biological_low_advice; label reflects contextual rescue urgency.,en,train
rpv2-00036,Caller says: Residents must leave the exposed building for treatment and safe shelter. near the school.,HIGH,biological,0,0,0,1,20,v2_biological_biological_high_evacuation,controlled_synthetic_v2,V2 mixed-disaster scenario family biological_high_evacuation; label reflects contextual rescue urgency.,en,test
rpv2-00816,"Report from resident: Third-party report: A vehicle fire is contained and passengers evacuated, but the scene needs urgent support. near the market. Please advise.",HIGH,transportation,0,0,1,0,12,v2_transportation_transport_high_fire,controlled_synthetic_v2,V2 mixed-disaster scenario family transport_high_fire; label reflects contextual rescue urgency.,en,train
rpv2-00743,"Field note: Debris blocks thee road after the tornado, but nobody is injured or trapped. on the east side. We need the appropriate response.",MEDIUM,tornado,0,0,0,0,4,v2_tornado_tornado_medium_debris,controlled_synthetic_v2,V2 mixed-disaster scenario family tornado_medium_debris; label reflects contextual rescue urgency.,en,validation
rpv2-00299,"Please help, A resident is bleeding badly after debris struck them; immediate medical help is needed. at the apartment block. We need the appropriate response.",CRITICAL,hurricane,1,0,0,1,1,v2_hurricane_hurricane_critical_bleeding,controlled_synthetic_v2,V2 mixed-disaster scenario family hurricane_critical_bleeding; label reflects contextual rescue urgency.,en,train
rpv2-00705,A damaged building is unsafe after the tornado and people must evacuate. by the river. Please advise.,HIGH,tornado,0,0,0,0,14,v2_tornado_tornado_high_evacuation,controlled_synthetic_v2,V2 mixed-disaster scenario family tornado_high_evacuation; label reflects contextual rescue urgency.,en,train
rpv2-00614,Need assistance — Can someone help? several people need urgent shelter after serious damage to the community center. near the school. Please advise.,HIGH,societal,0,0,0,0,25,v2_societal_societal_high_damage,controlled_synthetic_v2,V2 mixed-disaster scenario family societal_high_damage; label reflects contextual rescue urgency.,en,train
rpv2-00316,Caller says: Hurricane damage made several homes unsafe and families need evacuation help. on the east side. We need the appropriate response.,HIGH,hurricane,0,0,0,0,18,v2_hurricane_hurricane_high_evacuation,controlled_synthetic_v2,V2 mixed-disaster scenario family hurricane_high_evacuation; label reflects contextual rescue urgency.,en,train
rpv2-00211,"Please help, Floodwater swept through the building; injured residents need immediate rescue. by the river. No further details yet.",CRITICAL,flood,1,0,0,1,7,v2_flood_flood_critical_injured,controlled_synthetic_v2,V2 mixed-disaster scenario family flood_critical_injured; label reflects contextual rescue urgency.,en,train
rpv2-00366,"Need assistance — Can someone help? the hurricane forecast is being discussed, but our area is unaffected and safe. near the market. We need the appropriate response.",LOW,hurricane,0,0,0,0,0,v2_hurricane_hurricane_low_forecast,controlled_synthetic_v2,V2 mixed-disaster scenario family hurricane_low_forecast; label reflects contextual rescue urgency.,en,train
rpv2-00593,Multiple people are severely injured and responders must provide emergency care now. at the apartment block. No further details yet.,CRITICAL,societal,1,0,0,1,14,v2_societal_societal_critical_multiple,controlled_synthetic_v2,V2 mixed-disaster scenario family societal_critical_multiple; label reflects contextual rescue urgency.,en,train
rpv2-00820,Caller says: A minor crash blocks one lane; everyone is conscious and basic assistance is needed. along the main road. We need the appropriate response.,MEDIUM,transportation,0,0,0,0,2,v2_transportation_transport_medium_lane,controlled_synthetic_v2,V2 mixed-disaster scenario family transport_medium_lane; label reflects contextual rescue urgency.,en,train
rpv2-00570,"SOS: The situation sounds serious in the news, but everyone at this location is safe. along the main road. This is the current update.",LOW,other,0,0,0,0,2,v2_other_other_low_safe,controlled_synthetic_v2,V2 mixed-disaster scenario family other_low_safe; label reflects contextual rescue urgency.,en,train
rpv2-00596,Caller says: Multiple residents are severely injured and responders must provide emergency care now. by the river. This is the current update.,CRITICAL,societal,1,0,0,1,14,v2_societal_societal_critical_multiple,controlled_synthetic_v2,V2 mixed-disaster scenario family societal_critical_multiple; label reflects contextual rescue urgency.,en,train
rpv2-00950,Need assistance — Can someone help? this wildfire report is for information only; our neighborhood is unaffected. near the market. This is the current update.,LOW,wildfire,0,0,0,0,0,v2_wildfire_wildfire_low_news,controlled_synthetic_v2,V2 mixed-disaster scenario family wildfire_low_news; label reflects contextual rescue urgency.,en,train
rpv2-00376,Report from resident: Third-party report: We are watching the storm from a safe place; no assistance is needed. at the apartment block. No further details yet.,LOW,hurricane,0,0,0,0,2,v2_hurricane_hurricane_low_watch,controlled_synthetic_v2,V2 mixed-disaster scenario family hurricane_low_watch; label reflects contextual rescue urgency.,en,test
rpv2-00826,SOS: A bus breakdown has strwhileed passengers who need local support. on the east side. No further details yet.,MEDIUM,transportation,0,0,0,0,16,v2_transportation_transport_medium_delay,controlled_synthetic_v2,V2 mixed-disaster scenario family transport_medium_delay; label reflects contextual rescue urgency.,en,train
rpv2-00796,Caller says: A bus crash caused serious injuries; everyone is conscious and responders are needed. near the market. We need the appropriate response.,HIGH,transportation,1,0,0,1,8,v2_transportation_transport_high_crash,controlled_synthetic_v2,V2 mixed-disaster scenario family transport_high_crash; label reflects contextual rescue urgency.,en,validation
rpv2-00286,Need assistance — Can someone help? the flood evacuation drill finished normally; this is only a systems check. by the river. We need the appropriate response.,LOW,flood,0,0,0,0,0,v2_flood_flood_low_drill,controlled_synthetic_v2,V2 mixed-disaster scenario family flood_low_drill; label reflects contextual rescue urgency.,en,validation
rpv2-00422,Need assistance — Can someone help? a chemical leak made the plant unsafe and workers need urgent evacuation. along the main road. No further details yet.,HIGH,industrial,0,0,0,1,30,v2_industrial_industrial_high_spill,controlled_synthetic_v2,V2 mixed-disaster scenario family industrial_high_spill; label reflects contextual rescue urgency.,en,train
rpv2-00063,Field note: A local clinic needs basic supplies for patients with stable illness. pls. at the apartment block. This is the current update.,MEDIUM,biological,0,0,0,1,20,v2_biological_biological_medium_clinic,controlled_synthetic_v2,V2 mixed-disaster scenario family biological_medium_clinic; label reflects contextual rescue urgency.,en,train
rpv2-00474,SOS: A test alarm sounded at the factory while the area is clear. on the east side. No further details yet.,LOW,industrial,0,0,0,0,15,v2_industrial_industrial_low_alarm,controlled_synthetic_v2,V2 mixed-disaster scenario family industrial_low_alarm; label reflects contextual rescue urgency.,en,train
rpv2-00692,Caller says: The tornado destroyed the building and multiple residents are severely injured. at the apartment block. This is the current update.,CRITICAL,tornado,1,0,0,1,10,v2_tornado_tornado_critical_collapse,controlled_synthetic_v2,V2 mixed-disaster scenario family tornado_critical_collapse; label reflects contextual rescue urgency.,en,train
rpv2-00435,"Please help, A contained fire damaged equipment and workers need assistance. near the school. We need the appropriate response.",MEDIUM,industrial,0,0,1,0,4,v2_industrial_industrial_medium_fire,controlled_synthetic_v2,V2 mixed-disaster scenario family industrial_medium_fire; label reflects contextual rescue urgency.,en,train
rpv2-00475,"Please help, A test alarm sounded at the factory and the area is clear. by the river. Please advise.",LOW,industrial,0,0,0,0,15,v2_industrial_industrial_low_alarm,controlled_synthetic_v2,V2 mixed-disaster scenario family industrial_low_alarm; label reflects contextual rescue urgency.,en,train
rpv2-00518,Need assistance — Can someone help? significant damage has made several rooms unsafe and families need relocation. near the market. Please advise.,HIGH,other,0,0,0,0,12,v2_other_other_high_damage,controlled_synthetic_v2,V2 mixed-disaster scenario family other_high_damage; label reflects contextual rescue urgency.,en,train
rpv2-00908,Caller says: A serious injury occurred while residents evacuated the wildfire area. on the east side.,HIGH,wildfire,1,0,0,1,3,v2_wildfire_wildfire_high_injury,controlled_synthetic_v2,V2 mixed-disaster scenario family wildfire_high_injury; label reflects contextual rescue urgency.,en,train
rpv2-00039,Field note: Residents must leave thee exposed building for treatment and safe shelter. along the main road. Please advise.,HIGH,biological,0,0,0,1,20,v2_biological_biological_high_evacuation,controlled_synthetic_v2,V2 mixed-disaster scenario family biological_high_evacuation; label reflects contextual rescue urgency.,en,test
rpv2-00505,A dangerous situation requires evacuation and urgent support for residents. on the east side. This is the current update.,HIGH,other,0,0,0,0,20,v2_other_other_high_evacuation,controlled_synthetic_v2,V2 mixed-disaster scenario family other_high_evacuation; label reflects contextual rescue urgency.,en,train
rpv2-00092,Caller says: The public-health exercise ended safely and all participants are accounted for. along the main road.,LOW,biological,0,0,0,0,25,v2_biological_biological_low_drill,controlled_synthetic_v2,V2 mixed-disaster scenario family biological_low_drill; label reflects contextual rescue urgency.,en,validation
rpv2-00284,Caller says: The flood evacuation drill finished normally; this is only a systems check. by the river. This is the current update.,LOW,flood,0,0,0,0,0,v2_flood_flood_low_drill,controlled_synthetic_v2,V2 mixed-disaster scenario family flood_low_drill; label reflects contextual rescue urgency.,en,validation
rpv2-00664,Report from resident: Third-party report: The public event ended peacefully and no assistance is needed. near the market. We need the appropriate response.,LOW,societal,0,0,0,0,100,v2_societal_societal_low_event,controlled_synthetic_v2,V2 mixed-disaster scenario family societal_low_event; label reflects contextual rescue urgency.,en,test
rpv2-00931,"Please help, Smoke closed a local road, but residents are safe and need transport advice. along the main road.",MEDIUM,wildfire,0,0,0,0,8,v2_wildfire_wildfire_medium_route,controlled_synthetic_v2,V2 mixed-disaster scenario family wildfire_medium_route; label reflects contextual rescue urgency.,en,train
rpv2-00115,"Please help, Multiple people are severely injured after the collapse and need immediate medical rescue. along the main road. We need the appropriate response.",CRITICAL,earthquake,1,0,0,1,12,v2_earthquake_earthquake_critical_multiple,controlled_synthetic_v2,V2 mixed-disaster scenario family earthquake_critical_multiple; label reflects contextual rescue urgency.,en,train
rpv2-00860,Caller says: The station evacuation drill is complete and everyone is safe. at the apartment block. We need the appropriate response.,LOW,transportation,0,0,0,0,30,v2_transportation_transport_low_drill,controlled_synthetic_v2,V2 mixed-disaster scenario family transport_low_drill; label reflects contextual rescue urgency.,en,train
rpv2-00771,"Please help, Passengers are trapped in the overturned bus and need immediate rescue. near the market. This is the current update.",CRITICAL,transportation,1,1,0,1,9,v2_transportation_transport_critical_trapped,controlled_synthetic_v2,V2 mixed-disaster scenario family transport_critical_trapped; label reflects contextual rescue urgency.,en,train
rpv2-00337,The hurricane caused a local power outage and residents need basic support. near the school. We need the appropriate response.,MEDIUM,hurricane,0,0,0,0,15,v2_hurricane_hurricane_medium_power,controlled_synthetic_v2,V2 mixed-disaster scenario family hurricane_medium_power; label reflects contextual rescue urgency.,en,train
rpv2-00862,Need assistance — Can someone help? the station evacuation drill is complete and everyone is safe. near the market. We need the appropriate response.,LOW,transportation,0,0,0,0,30,v2_transportation_transport_low_drill,controlled_synthetic_v2,V2 mixed-disaster scenario family transport_low_drill; label reflects contextual rescue urgency.,en,train
rpv2-00592,Report from resident: Third-party report: A person is bleeding severely and unconscious after the attack. near the market. We need the appropriate response.,CRITICAL,societal,1,0,0,1,1,v2_societal_societal_critical_bleeding,controlled_synthetic_v2,V2 mixed-disaster scenario family societal_critical_bleeding; label reflects contextual rescue urgency.,en,test
rpv2-00608,Report from resident: Third-party report: A dangerous disturbance requires residents to evacuate the public facility. by the river.,HIGH,societal,0,0,0,0,40,v2_societal_societal_high_evacuation,controlled_synthetic_v2,V2 mixed-disaster scenario family societal_high_evacuation; label reflects contextual rescue urgency.,en,train
rpv2-00874,SOS: Several people have severe burns while need immediate medical rescue. near the school. This is the current update.,CRITICAL,wildfire,1,0,1,1,6,v2_wildfire_wildfire_critical_burns,controlled_synthetic_v2,V2 mixed-disaster scenario family wildfire_critical_burns; label reflects contextual rescue urgency.,en,train
rpv2-00190,Need assistance — Can someone help? the earthquake preparedness drill is complete; this is not an emergency. near the school. This is the current update.,LOW,earthquake,0,0,0,0,0,v2_earthquake_earthquake_low_drill,controlled_synthetic_v2,V2 mixed-disaster scenario family earthquake_low_drill; label reflects contextual rescue urgency.,en,train
rpv2-00416,Report from resident: Third-party report: A building fire requires evacuation; everyone is outside but support is needed. on the east side.,HIGH,industrial,0,0,1,0,18,v2_industrial_industrial_high_fire,controlled_synthetic_v2,V2 mixed-disaster scenario family industrial_high_fire; label reflects contextual rescue urgency.,en,train
rpv2-00832,Report from resident: Third-party report: A bus breakdown has stranded passengers who need local support. at the apartment block. We need the appropriate response.,MEDIUM,transportation,0,0,0,0,16,v2_transportation_transport_medium_delay,controlled_synthetic_v2,V2 mixed-disaster scenario family transport_medium_delay; label reflects contextual rescue urgency.,en,train
rpv2-00418,SOS: A chemical leak made the plant unsafe while workers need urgent evacuation. near the school. No further details yet.,HIGH,industrial,0,0,0,1,30,v2_industrial_industrial_high_spill,controlled_synthetic_v2,V2 mixed-disaster scenario family industrial_high_spill; label reflects contextual rescue urgency.,en,train
rpv2-00649,This is a report about unrest elsewhere; our area is calm and safe. near the market. No further details yet.,LOW,societal,0,0,0,0,0,v2_societal_societal_low_news,controlled_synthetic_v2,V2 mixed-disaster scenario family societal_low_news; label reflects contextual rescue urgency.,en,test
rpv2-00597,Update: Multiple people are severely injured and responders must provide emergency care now. Please send someone. along the main road. No further details yet.,CRITICAL,societal,1,0,0,1,14,v2_societal_societal_critical_multiple,controlled_synthetic_v2,V2 mixed-disaster scenario family societal_critical_multiple; label reflects contextual rescue urgency.,en,train
rpv2-00716,Caller says: Several residents have serious injuries after the tornado but are conscious. at the apartment block.,HIGH,tornado,1,0,0,1,6,v2_tornado_tornado_high_injury,controlled_synthetic_v2,V2 mixed-disaster scenario family tornado_high_injury; label reflects contextual rescue urgency.,en,test
rpv2-00363,"Please help, The hurricane forecast is being discussed, but our area is unaffected and safe. near the market. This is the current update.",LOW,hurricane,0,0,0,0,0,v2_hurricane_hurricane_low_forecast,controlled_synthetic_v2,V2 mixed-disaster scenario family hurricane_low_forecast; label reflects contextual rescue urgency.,en,train
rpv2-00321,Strong winds damaged the shelter; residents are outside and need urgent relocation. by the river.,HIGH,hurricane,0,0,0,0,25,v2_hurricane_hurricane_high_wind,controlled_synthetic_v2,V2 mixed-disaster scenario family hurricane_high_wind; label reflects contextual rescue urgency.,en,train
rpv2-00682,SOS: An unconscious person is in the damaged shelter after the tornado. near the market.,CRITICAL,tornado,1,0,0,1,1,v2_tornado_tornado_critical_unconscious,controlled_synthetic_v2,V2 mixed-disaster scenario family tornado_critical_unconscious; label reflects contextual rescue urgency.,en,train
rpv2-00492,Caller says: An unconscious person needs immediate medical help at the scene. near the school. We need the appropriate response.,CRITICAL,other,1,0,0,1,1,v2_other_other_critical_unconscious,controlled_synthetic_v2,V2 mixed-disaster scenario family other_critical_unconscious; label reflects contextual rescue urgency.,en,train
rpv2-00526,Need assistance — Can someone help? a serious injury requires urgent response; the person is conscious and stable. along the main road.,HIGH,other,1,0,0,1,1,v2_other_other_high_injury,controlled_synthetic_v2,V2 mixed-disaster scenario family other_high_injury; label reflects contextual rescue urgency.,en,train
rpv2-00258,"SOS: Water is affecting several homes while people need supplies, but everyone is safe. on the east side. We need the appropriate response.",MEDIUM,flood,0,0,0,0,8,v2_flood_flood_medium_supplies,controlled_synthetic_v2,V2 mixed-disaster scenario family flood_medium_supplies; label reflects contextual rescue urgency.,en,test
rpv2-00451,"Please help, A machine damaged part of the facility and staff need a safe inspection. at the apartment block. This is the current update.",MEDIUM,industrial,0,0,0,0,10,v2_industrial_industrial_medium_damage,controlled_synthetic_v2,V2 mixed-disaster scenario family industrial_medium_damage; label reflects contextual rescue urgency.,en,test
rpv2-00131,"Please help, Several homes are unsafe after the quake; residents need urgent shelter. at the apartment block.",HIGH,earthquake,0,0,0,0,22,v2_earthquake_earthquake_high_shelter,controlled_synthetic_v2,V2 mixed-disaster scenario family earthquake_high_shelter; label reflects contextual rescue urgency.,en,train
rpv2-00945,This wildfire report is for information only; our neighborhood is unaffected. on the east side. No further details yet.,LOW,wildfire,0,0,0,0,0,v2_wildfire_wildfire_low_news,controlled_synthetic_v2,V2 mixed-disaster scenario family wildfire_low_news; label reflects contextual rescue urgency.,en,train
rpv2-00864,Report from resident: Third-party report: The station evacuation drill is complete and everyone is safe. on the east side. Please advise.,LOW,transportation,0,0,0,0,30,v2_transportation_transport_low_drill,controlled_synthetic_v2,V2 mixed-disaster scenario family transport_low_drill; label reflects contextual rescue urgency.,en,train
rpv2-00427,"Please help, A worker has a serious injury after the machinery accident and is asking for urgent care. by the river. No further details yet.",HIGH,industrial,1,0,0,1,1,v2_industrial_industrial_high_injury,controlled_synthetic_v2,V2 mixed-disaster scenario family industrial_high_injury; label reflects contextual rescue urgency.,en,train
rpv2-00787,"Please help, An active vehicle fire has people trapped inside. along the main road. We need the appropriate response.",CRITICAL,transportation,0,1,1,0,5,v2_transportation_transport_critical_fire,controlled_synthetic_v2,V2 mixed-disaster scenario family transport_critical_fire; label reflects contextual rescue urgency.,en,test
rpv2-00374,Need assistance — Can someone help? we are watching the storm from a safe place; no assistance is needed. along the main road.,LOW,hurricane,0,0,0,0,2,v2_hurricane_hurricane_low_watch,controlled_synthetic_v2,V2 mixed-disaster scenario family hurricane_low_watch; label reflects contextual rescue urgency.,en,test
rpv2-00953,The wildfire evacuation drill ended normally and no one needs help. by the river. No further details yet.,LOW,wildfire,0,0,0,0,12,v2_wildfire_wildfire_low_drill,controlled_synthetic_v2,V2 mixed-disaster scenario family wildfire_low_drill; label reflects contextual rescue urgency.,en,train
rpv2-00438,Need assistance — Can someone help? a contained fire damaged equipment and workers need assistance. at the apartment block. This is the current update.,MEDIUM,industrial,0,0,1,0,4,v2_industrial_industrial_medium_fire,controlled_synthetic_v2,V2 mixed-disaster scenario family industrial_medium_fire; label reflects contextual rescue urgency.,en,train
rpv2-00937,"Smoke is visible far away, but there is no fire near us and everyone is safe. on the east side. This is the current update.",LOW,wildfire,0,0,0,0,0,v2_wildfire_wildfire_low_smoke,controlled_synthetic_v2,V2 mixed-disaster scenario family wildfire_low_smoke; label reflects contextual rescue urgency.,en,train
rpv2-00381,"Update: This is a hurricane news update, not a request for rescue. Please send someone. on the east side. Please advise.",LOW,hurricane,0,0,0,0,0,v2_hurricane_hurricane_low_news,controlled_synthetic_v2,V2 mixed-disaster scenario family hurricane_low_news; label reflects contextual rescue urgency.,en,train
rpv2-00308,Caller says: The storm collapsed a structure with residents inside; rescue teams are urgently required. on the east side.,CRITICAL,hurricane,0,1,0,0,7,v2_hurricane_hurricane_critical_collapse,controlled_synthetic_v2,V2 mixed-disaster scenario family hurricane_critical_collapse; label reflects contextual rescue urgency.,en,validation
rpv2-00109,Update: An unconscious person is inside the damaged structure and responders cannot reach them. Please send someone. near the market. This is the current update.,CRITICAL,earthquake,1,0,0,1,1,v2_earthquake_earthquake_critical_unconscious,controlled_synthetic_v2,V2 mixed-disaster scenario family earthquake_critical_unconscious; label reflects contextual rescue urgency.,en,validation
rpv2-00117,Update: Multiple people are severely injured after the collapse and need immediate medical rescue. Please send someone. near the market. Please advise.,CRITICAL,earthquake,1,0,0,1,12,v2_earthquake_earthquake_critical_multiple,controlled_synthetic_v2,V2 mixed-disaster scenario family earthquake_critical_multiple; label reflects contextual rescue urgency.,en,train
rpv2-00564,Caller says: I am sharing information about an unusual event; there is no emergency here. at the apartment block. Please advise.,LOW,other,0,0,0,0,0,v2_other_other_low_news,controlled_synthetic_v2,V2 mixed-disaster scenario family other_low_news; label reflects contextual rescue urgency.,en,train
rpv2-00714,SOS: Several people have serious injuries after the tornado but are conscious. along the main road.,HIGH,tornado,1,0,0,1,6,v2_tornado_tornado_high_injury,controlled_synthetic_v2,V2 mixed-disaster scenario family tornado_high_injury; label reflects contextual rescue urgency.,en,test
rpv2-00476,Caller says: A test alarm sounded at the factory and the area is clear. by the river.,LOW,industrial,0,0,0,0,15,v2_industrial_industrial_low_alarm,controlled_synthetic_v2,V2 mixed-disaster scenario family industrial_low_alarm; label reflects contextual rescue urgency.,en,train
rpv2-00252,Caller says: A flooded road has closed the local route; residents need a welfare check. by the river.,MEDIUM,flood,0,0,0,0,5,v2_flood_flood_medium_route,controlled_synthetic_v2,V2 mixed-disaster scenario family flood_medium_route; label reflects contextual rescue urgency.,en,validation
rpv2-00699,"Please help, The tornado damaged multiple homes and residents need urgent shelter support. at the apartment block.",HIGH,tornado,0,0,0,0,20,v2_tornado_tornado_high_homes,controlled_synthetic_v2,V2 mixed-disaster scenario family tornado_high_homes; label reflects contextual rescue urgency.,en,train
rpv2-00382,"Need assistance — Can someone help? this is a hurricane news update, not a request for rescue. along the main road.",LOW,hurricane,0,0,0,0,0,v2_hurricane_hurricane_low_news,controlled_synthetic_v2,V2 mixed-disaster scenario family hurricane_low_news; label reflects contextual rescue urgency.,en,train
rpv2-00008,Report from resident: Third-party report: Several people are unconscious during the severe outbreak and need emergency care. along the main road. This is the current update.,CRITICAL,biological,1,0,0,1,7,v2_biological_biological_critical_unconscious,controlled_synthetic_v2,V2 mixed-disaster scenario family biological_critical_unconscious; label reflects contextual rescue urgency.,en,train
rpv2-00278,Need assistance — Can someone help? a little water is on the roadside after rain; traffic is moving and everyone is safe. on the east side.,LOW,flood,0,0,0,0,1,v2_flood_flood_low_puddle,controlled_synthetic_v2,V2 mixed-disaster scenario family flood_low_puddle; label reflects contextual rescue urgency.,en,train
rpv2-00271,"Field note: News about flooding is circulating, but our street is dry and nobody needs help. pls. by the river.",LOW,flood,0,0,0,0,0,v2_flood_flood_low_news,controlled_synthetic_v2,V2 mixed-disaster scenario family flood_low_news; label reflects contextual rescue urgency.,en,train
rpv2-00520,Report from resident: Third-party report: Significant damage has made several rooms unsafe and families need relocation. at the apartment block. This is the current update.,HIGH,other,0,0,0,0,12,v2_other_other_high_damage,controlled_synthetic_v2,V2 mixed-disaster scenario family other_high_damage; label reflects contextual rescue urgency.,en,train
rpv2-00329,A serious injury occurred during the storm; the person is conscious but needs urgent care. by the river. This is the current update.,HIGH,hurricane,1,0,0,1,1,v2_hurricane_hurricane_high_injury,controlled_synthetic_v2,V2 mixed-disaster scenario family hurricane_high_injury; label reflects contextual rescue urgency.,en,train
rpv2-00369,We are watching the storm from a safe place; no assistance is needed. at the apartment block. This is the current update.,LOW,hurricane,0,0,0,0,2,v2_hurricane_hurricane_low_watch,controlled_synthetic_v2,V2 mixed-disaster scenario family hurricane_low_watch; label reflects contextual rescue urgency.,en,test
rpv2-00486,Need assistance — Can someone help? several people are trapped and cannot escape; immediate rescue is required. near the school. Please advise.,CRITICAL,other,0,1,0,0,6,v2_other_other_critical_trapped,controlled_synthetic_v2,V2 mixed-disaster scenario family other_critical_trapped; label reflects contextual rescue urgency.,en,train
rpv2-00622,Need assistance — Can someone help? multiple people have serious injuries after the incident but remain conscious. along the main road.,HIGH,societal,1,0,0,1,6,v2_societal_societal_high_injury,controlled_synthetic_v2,V2 mixed-disaster scenario family societal_high_injury; label reflects contextual rescue urgency.,en,test
rpv2-00282,SOS: The flood evacuation drill finished normally; this is only a systems check. at the apartment block. We need the appropriate response.,LOW,flood,0,0,0,0,0,v2_flood_flood_low_drill,controlled_synthetic_v2,V2 mixed-disaster scenario family flood_low_drill; label reflects contextual rescue urgency.,en,validation
rpv2-00814,"Need assistance — Can someone help? a vehicle fire is contained and passengers evacuated, but the scene needs urgent support. near the school.",HIGH,transportation,0,0,1,0,12,v2_transportation_transport_high_fire,controlled_synthetic_v2,V2 mixed-disaster scenario family transport_high_fire; label reflects contextual rescue urgency.,en,train
rpv2-00513,Significant damage has made several rooms unsafe and families need relocation. along the main road.,HIGH,other,0,0,0,0,12,v2_other_other_high_damage,controlled_synthetic_v2,V2 mixed-disaster scenario family other_high_damage; label reflects contextual rescue urgency.,en,train
rpv2-00408,Report from resident: Third-party report: A worker is unconscious in the hazardous area and responders cannot reach them. along the main road. This is the current update.,CRITICAL,industrial,1,0,0,1,1,v2_industrial_industrial_critical_unconscious,controlled_synthetic_v2,V2 mixed-disaster scenario family industrial_critical_unconscious; label reflects contextual rescue urgency.,en,train
rpv2-00477,Update: A test alarm sounded at the factory and the area is clear. Please send someone. near the market. Please advise.,LOW,industrial,0,0,0,0,15,v2_industrial_industrial_low_alarm,controlled_synthetic_v2,V2 mixed-disaster scenario family industrial_low_alarm; label reflects contextual rescue urgency.,en,train
rpv2-00444,Caller says: A small chemical spill closed one room; nobody is hurt and cleanup is needed. by the river. We need the appropriate response.,MEDIUM,industrial,0,0,0,0,3,v2_industrial_industrial_medium_spill,controlled_synthetic_v2,V2 mixed-disaster scenario family industrial_medium_spill; label reflects contextual rescue urgency.,en,test
rpv2-00667,"Please help, Just checking the community channel; there is no active incident. near the market. This is the current update.",LOW,societal,0,0,0,0,0,v2_societal_societal_low_check,controlled_synthetic_v2,V2 mixed-disaster scenario family societal_low_check; label reflects contextual rescue urgency.,en,test
rpv2-00237,Update: A vehicle is surrounded by water and responders should help move the occupants safely. Please send someone. at the apartment block. We need the appropriate response.,HIGH,flood,0,0,0,0,4,v2_flood_flood_high_vehicle,controlled_synthetic_v2,V2 mixed-disaster scenario family flood_high_vehicle; label reflects contextual rescue urgency.,en,test
rpv2-00881,The fire blocked both exits and a family cannot escape. at the apartment block. No further details yet.,CRITICAL,wildfire,0,1,1,0,4,v2_wildfire_wildfire_critical_escape,controlled_synthetic_v2,V2 mixed-disaster scenario family wildfire_critical_escape; label reflects contextual rescue urgency.,en,train
rpv2-00804,Caller says: A train derailment damaged the carriage and passengers need urgent evacuation. at the apartment block. We need the appropriate response.,HIGH,transportation,0,0,0,0,40,v2_transportation_transport_high_derail,controlled_synthetic_v2,V2 mixed-disaster scenario family transport_high_derail; label reflects contextual rescue urgency.,en,train
rpv2-00455,Field note: A machine damaged part of thee facility and staff need a safe inspection. by the river. No further details yet.,MEDIUM,industrial,0,0,0,0,10,v2_industrial_industrial_medium_damage,controlled_synthetic_v2,V2 mixed-disaster scenario family industrial_medium_damage; label reflects contextual rescue urgency.,en,test
rpv2-00276,Caller says: A little water is on the roadside after rain; traffic is moving and everyone is safe. by the river. We need the appropriate response.,LOW,flood,0,0,0,0,1,v2_flood_flood_low_puddle,controlled_synthetic_v2,V2 mixed-disaster scenario family flood_low_puddle; label reflects contextual rescue urgency.,en,train
rpv2-00402,SOS: A worker is unconscious in the hazardous area while responders cannot reach them. near the market. Please advise.,CRITICAL,industrial,1,0,0,1,1,v2_industrial_industrial_critical_unconscious,controlled_synthetic_v2,V2 mixed-disaster scenario family industrial_critical_unconscious; label reflects contextual rescue urgency.,en,train
rpv2-00387,"Please help, An active fire has workers trapped inside the plant; send rescue immediately. on the east side. Please advise.",CRITICAL,industrial,0,1,1,0,7,v2_industrial_industrial_critical_trapped,controlled_synthetic_v2,V2 mixed-disaster scenario family industrial_critical_trapped; label reflects contextual rescue urgency.,en,validation
rpv2-00546,SOS: One person has a stable injury while needs non-urgent medical assistance. at the apartment block.,MEDIUM,other,1,0,0,1,1,v2_other_other_medium_injury,controlled_synthetic_v2,V2 mixed-disaster scenario family other_medium_injury; label reflects contextual rescue urgency.,en,validation
rpv2-00935,"Field note: Smoke closed a local road, but residents are safe and need transport advice. pls. along the main road.",MEDIUM,wildfire,0,0,0,0,8,v2_wildfire_wildfire_medium_route,controlled_synthetic_v2,V2 mixed-disaster scenario family wildfire_medium_route; label reflects contextual rescue urgency.,en,train
rpv2-00148,Caller says: The earthquake left cracks in one room; residents are safe but need an inspection. near the school. No further details yet.,MEDIUM,earthquake,0,0,0,0,3,v2_earthquake_earthquake_medium_cracks,controlled_synthetic_v2,V2 mixed-disaster scenario family earthquake_medium_cracks; label reflects contextual rescue urgency.,en,train
rpv2-00858,SOS: The station evacuation drill is complete while everyone is safe. near the market. Please advise.,LOW,transportation,0,0,0,0,30,v2_transportation_transport_low_drill,controlled_synthetic_v2,V2 mixed-disaster scenario family transport_low_drill; label reflects contextual rescue urgency.,en,train
rpv2-00227,"Please help, The flood damaged the lower floors; families are outside but need urgent shelter. at the apartment block.",HIGH,flood,0,0,0,0,12,v2_flood_flood_high_damage,controlled_synthetic_v2,V2 mixed-disaster scenario family flood_high_damage; label reflects contextual rescue urgency.,en,train
rpv2-00057,A local clinic needs basic supplies for patients with stable illness. near the school.,MEDIUM,biological,0,0,0,1,20,v2_biological_biological_medium_clinic,controlled_synthetic_v2,V2 mixed-disaster scenario family biological_medium_clinic; label reflects contextual rescue urgency.,en,train
rpv2-00327,Field note: Strong winds damaged thee shelter; residents are outside and need urgent relocation. near the market. We need the appropriate response.,HIGH,hurricane,0,0,0,0,25,v2_hurricane_hurricane_high_wind,controlled_synthetic_v2,V2 mixed-disaster scenario family hurricane_high_wind; label reflects contextual rescue urgency.,en,train
rpv2-00578,SOS: People are trapped inside the damaged facility while need immediate rescue. on the east side. Please advise.,CRITICAL,societal,0,1,0,0,9,v2_societal_societal_critical_trapped,controlled_synthetic_v2,V2 mixed-disaster scenario family societal_critical_trapped; label reflects contextual rescue urgency.,en,train
rpv2-00239,Field note: A vehicle is surrounded by water and responders should help move thee occupants safely. along the main road. Please advise.,HIGH,flood,0,0,0,0,4,v2_flood_flood_high_vehicle,controlled_synthetic_v2,V2 mixed-disaster scenario family flood_high_vehicle; label reflects contextual rescue urgency.,en,test
rpv2-00040,Report from resident: Third-party report: Residents must leave the exposed building for treatment and safe shelter. at the apartment block. Please advise.,HIGH,biological,0,0,0,1,20,v2_biological_biological_high_evacuation,controlled_synthetic_v2,V2 mixed-disaster scenario family biological_high_evacuation; label reflects contextual rescue urgency.,en,test
rpv2-00365,"Update: The hurricane forecast is being discussed, but our area is unaffected and safe. Please send someone. near the school. This is the current update.",LOW,hurricane,0,0,0,0,0,v2_hurricane_hurricane_low_forecast,controlled_synthetic_v2,V2 mixed-disaster scenario family hurricane_low_forecast; label reflects contextual rescue urgency.,en,train
rpv2-00848,Report from resident: Third-party report: A vehicle stopped on the roadside; traffic is moving and no one is hurt. near the market. This is the current update.,LOW,transportation,0,0,0,0,1,v2_transportation_transport_low_stopped,controlled_synthetic_v2,V2 mixed-disaster scenario family transport_low_stopped; label reflects contextual rescue urgency.,en,test
rpv2-00389,Update: An active fire has workers trapped inside the plant; send rescue immediately. Please send someone. on the east side. We need the appropriate response.,CRITICAL,industrial,0,1,1,0,7,v2_industrial_industrial_critical_trapped,controlled_synthetic_v2,V2 mixed-disaster scenario family industrial_critical_trapped; label reflects contextual rescue urgency.,en,validation
rpv2-00910,Need assistance — Can someone help? a serious injury occurred while people evacuated the wildfire area. on the east side. Please advise.,HIGH,wildfire,1,0,0,1,3,v2_wildfire_wildfire_high_injury,controlled_synthetic_v2,V2 mixed-disaster scenario family wildfire_high_injury; label reflects contextual rescue urgency.,en,train
rpv2-00868,Caller says: The wildfire surrounds the house and residents are trapped inside. by the river. We need the appropriate response.,CRITICAL,wildfire,0,1,1,0,5,v2_wildfire_wildfire_critical_trapped,controlled_synthetic_v2,V2 mixed-disaster scenario family wildfire_critical_trapped; label reflects contextual rescue urgency.,en,train
rpv2-00010,SOS: A patient is struggling to breathe while needs immediate medical rescue. on the east side. Please advise.,CRITICAL,biological,1,0,0,1,1,v2_biological_biological_critical_breathing,controlled_synthetic_v2,V2 mixed-disaster scenario family biological_critical_breathing; label reflects contextual rescue urgency.,en,test
rpv2-00958,Need assistance — Can someone help? the wildfire evacuation drill ended normally and no one needs help. near the school. We need the appropriate response.,LOW,wildfire,0,0,0,0,12,v2_wildfire_wildfire_low_drill,controlled_synthetic_v2,V2 mixed-disaster scenario family wildfire_low_drill; label reflects contextual rescue urgency.,en,train
rpv2-00003,"Please help, Several people are unconscious during the severe outbreak and need emergency care. on the east side.",CRITICAL,biological,1,0,0,1,7,v2_biological_biological_critical_unconscious,controlled_synthetic_v2,V2 mixed-disaster scenario family biological_critical_unconscious; label reflects contextual rescue urgency.,en,train
rpv2-00129,Several homes are unsafe after the quake; residents need urgent shelter. at the apartment block. No further details yet.,HIGH,earthquake,0,0,0,0,22,v2_earthquake_earthquake_high_shelter,controlled_synthetic_v2,V2 mixed-disaster scenario family earthquake_high_shelter; label reflects contextual rescue urgency.,en,train
rpv2-00680,Report from resident: Third-party report: People are trapped under tornado debris and cannot escape without rescue. near the school.,CRITICAL,tornado,1,1,0,1,6,v2_tornado_tornado_critical_debris,controlled_synthetic_v2,V2 mixed-disaster scenario family tornado_critical_debris; label reflects contextual rescue urgency.,en,validation
rpv2-00503,Field note: A person is severely bleeding and needs emergency rescue now. pls. on the east side. No further details yet.,CRITICAL,other,1,0,0,1,1,v2_other_other_critical_bleeding,controlled_synthetic_v2,V2 mixed-disaster scenario family other_critical_bleeding; label reflects contextual rescue urgency.,en,train
rpv2-00423,Field note: A chemical leak made thee plant unsafe and workers need urgent evacuation. at the apartment block. Please advise.,HIGH,industrial,0,0,0,1,30,v2_industrial_industrial_high_spill,controlled_synthetic_v2,V2 mixed-disaster scenario family industrial_high_spill; label reflects contextual rescue urgency.,en,train
rpv2-00429,Update: A worker has a serious injury after the machinery accident and needs urgent care. Please send someone. near the school. Please advise.,HIGH,industrial,1,0,0,1,1,v2_industrial_industrial_high_injury,controlled_synthetic_v2,V2 mixed-disaster scenario family industrial_high_injury; label reflects contextual rescue urgency.,en,train
rpv2-00238,Need assistance — Can someone help? a vehicle is surrounded by water and responders should help move the occupants safely. near the market.,HIGH,flood,0,0,0,0,4,v2_flood_flood_high_vehicle,controlled_synthetic_v2,V2 mixed-disaster scenario family flood_high_vehicle; label reflects contextual rescue urgency.,en,test
rpv2-00373,Update: We are watching the storm from a safe place; no assistance is needed. Please send someone. along the main road.,LOW,hurricane,0,0,0,0,2,v2_hurricane_hurricane_low_watch,controlled_synthetic_v2,V2 mixed-disaster scenario family hurricane_low_watch; label reflects contextual rescue urgency.,en,test
rpv2-00658,SOS: The public event ended peacefully while no assistance is needed. along the main road. This is the current update.,LOW,societal,0,0,0,0,100,v2_societal_societal_low_event,controlled_synthetic_v2,V2 mixed-disaster scenario family societal_low_event; label reflects contextual rescue urgency.,en,test
rpv2-00872,Report from resident: Third-party report: The wildfire surrounds the house and residents are trapped inside. near the market. We need the appropriate response.,CRITICAL,wildfire,0,1,1,0,5,v2_wildfire_wildfire_critical_trapped,controlled_synthetic_v2,V2 mixed-disaster scenario family wildfire_critical_trapped; label reflects contextual rescue urgency.,en,train
rpv2-00430,Need assistance — Can someone help? a worker has a serious injury after the machinery accident and needs urgent care. by the river.,HIGH,industrial,1,0,0,1,1,v2_industrial_industrial_high_injury,controlled_synthetic_v2,V2 mixed-disaster scenario family industrial_high_injury; label reflects contextual rescue urgency.,en,train
rpv2-00712,Report from resident: Third-party report: A damaged building is unsafe after the tornado and people must evacuate. near the school. We need the appropriate response.,HIGH,tornado,0,0,0,0,14,v2_tornado_tornado_high_evacuation,controlled_synthetic_v2,V2 mixed-disaster scenario family tornado_high_evacuation; label reflects contextual rescue urgency.,en,train
rpv2-00132,Caller says: Several homes are unsafe after the quake; residents need urgent shelter. near the school.,HIGH,earthquake,0,0,0,0,22,v2_earthquake_earthquake_high_shelter,controlled_synthetic_v2,V2 mixed-disaster scenario family earthquake_high_shelter; label reflects contextual rescue urgency.,en,train
rpv2-00673,People are trapped under tornado debris and cannot escape without rescue. near the school. No further details yet.,CRITICAL,tornado,1,1,0,1,6,v2_tornado_tornado_critical_debris,controlled_synthetic_v2,V2 mixed-disaster scenario family tornado_critical_debris; label reflects contextual rescue urgency.,en,validation
rpv2-00609,Several people need urgent shelter after serious damage to the community center. near the market. This is the current update.,HIGH,societal,0,0,0,0,25,v2_societal_societal_high_damage,controlled_synthetic_v2,V2 mixed-disaster scenario family societal_high_damage; label reflects contextual rescue urgency.,en,train
rpv2-00146,SOS: The earthquake left cracks in one room; residents are safe but need an inspection. along the main road. We need the appropriate response.,MEDIUM,earthquake,0,0,0,0,3,v2_earthquake_earthquake_medium_cracks,controlled_synthetic_v2,V2 mixed-disaster scenario family earthquake_medium_cracks; label reflects contextual rescue urgency.,en,train
rpv2-00266,"SOS: News about flooding is circulating, but our street is dry while nobody needs help. by the river. Please advise.",LOW,flood,0,0,0,0,0,v2_flood_flood_low_news,controlled_synthetic_v2,V2 mixed-disaster scenario family flood_low_news; label reflects contextual rescue urgency.,en,train
rpv2-00254,Need assistance — Can someone help? a flooded road has closed the local route; residents need a welfare check. at the apartment block. This is the current update.,MEDIUM,flood,0,0,0,0,5,v2_flood_flood_medium_route,controlled_synthetic_v2,V2 mixed-disaster scenario family flood_medium_route; label reflects contextual rescue urgency.,en,validation
rpv2-00916,Caller says: Wildfire smoke is affecting the neighborhood and residents need masks. along the main road.,MEDIUM,wildfire,0,0,0,0,25,v2_wildfire_wildfire_medium_smoke,controlled_synthetic_v2,V2 mixed-disaster scenario family wildfire_medium_smoke; label reflects contextual rescue urgency.,en,train
rpv2-00932,"Caller says: Smoke closed a local road, but residents are safe and need transport advice. by the river. This is the current update.",MEDIUM,wildfire,0,0,0,0,8,v2_wildfire_wildfire_medium_route,controlled_synthetic_v2,V2 mixed-disaster scenario family wildfire_medium_route; label reflects contextual rescue urgency.,en,train
rpv2-00110,Need assistance — Can someone help? an unconscious person is inside the damaged structure and responders cannot reach them. near the market. No further details yet.,CRITICAL,earthquake,1,0,0,1,1,v2_earthquake_earthquake_critical_unconscious,controlled_synthetic_v2,V2 mixed-disaster scenario family earthquake_critical_unconscious; label reflects contextual rescue urgency.,en,validation
rpv2-00194,SOS: Several people are trapped by rapidly rising floodwater while cannot get out. near the school.,CRITICAL,flood,0,1,0,0,6,v2_flood_flood_critical_trapped,controlled_synthetic_v2,V2 mixed-disaster scenario family flood_critical_trapped; label reflects contextual rescue urgency.,en,test
rpv2-00955,"Please help, The wildfire evacuation drill ended normally and no one is asking for help. near the school. We need the appropriate response.",LOW,wildfire,0,0,0,0,12,v2_wildfire_wildfire_low_drill,controlled_synthetic_v2,V2 mixed-disaster scenario family wildfire_low_drill; label reflects contextual rescue urgency.,en,train
rpv2-00024,Report from resident: Third-party report: Multiple patients are collapsing and responders need to act immediately. by the river. No further details yet.,CRITICAL,biological,1,0,0,1,12,v2_biological_biological_critical_multiple,controlled_synthetic_v2,V2 mixed-disaster scenario family biological_critical_multiple; label reflects contextual rescue urgency.,en,train
rpv2-00871,Field note: The wildfire surrounds thee house and residents are trapped inside. near the market. No further details yet.,CRITICAL,wildfire,0,1,1,0,5,v2_wildfire_wildfire_critical_trapped,controlled_synthetic_v2,V2 mixed-disaster scenario family wildfire_critical_trapped; label reflects contextual rescue urgency.,en,train
rpv2-00830,Need assistance — Can someone help? a bus breakdown has stranded passengers who need local support. along the main road. Please advise.,MEDIUM,transportation,0,0,0,0,16,v2_transportation_transport_medium_delay,controlled_synthetic_v2,V2 mixed-disaster scenario family transport_medium_delay; label reflects contextual rescue urgency.,en,train
rpv2-00749,Update: The tornado warning has ended here and everyone is safe; no response is needed. Please send someone. at the apartment block. No further details yet.,LOW,tornado,0,0,0,0,0,v2_tornado_tornado_low_warning,controlled_synthetic_v2,V2 mixed-disaster scenario family tornado_low_warning; label reflects contextual rescue urgency.,en,train
rpv2-00605,Update: A dangerous disturbance requires residents to evacuate the public facility. Please send someone. near the school. No further details yet.,HIGH,societal,0,0,0,0,40,v2_societal_societal_high_evacuation,controlled_synthetic_v2,V2 mixed-disaster scenario family societal_high_evacuation; label reflects contextual rescue urgency.,en,train
rpv2-00631,Field note: A local disturbance damaged storefronts and businesses need basic assistance. pls. on the east side. Please advise.,MEDIUM,societal,0,0,0,0,8,v2_societal_societal_medium_damage,controlled_synthetic_v2,V2 mixed-disaster scenario family societal_medium_damage; label reflects contextual rescue urgency.,en,train
rpv2-00921,A small fire damaged an empty shed and is being contained. by the river. Please advise.,MEDIUM,wildfire,0,0,1,0,2,v2_wildfire_wildfire_medium_shed,controlled_synthetic_v2,V2 mixed-disaster scenario family wildfire_medium_shed; label reflects contextual rescue urgency.,en,train
rpv2-00035,"Please help, Residents must leave the exposed building for treatment and safe shelter. near the school. This is the current update.",HIGH,biological,0,0,0,1,20,v2_biological_biological_high_evacuation,controlled_synthetic_v2,V2 mixed-disaster scenario family biological_high_evacuation; label reflects contextual rescue urgency.,en,test
rpv2-00157,Update: Shaking damaged the power connection and neighbors need local assistance. Please send someone. on the east side.,MEDIUM,earthquake,0,0,0,0,10,v2_earthquake_earthquake_medium_power,controlled_synthetic_v2,V2 mixed-disaster scenario family earthquake_medium_power; label reflects contextual rescue urgency.,en,train
rpv2-00588,Caller says: A person is bleeding severely and unconscious after the attack. by the river. Please advise.,CRITICAL,societal,1,0,0,1,1,v2_societal_societal_critical_bleeding,controlled_synthetic_v2,V2 mixed-disaster scenario family societal_critical_bleeding; label reflects contextual rescue urgency.,en,test
rpv2-00288,Report from resident: Third-party report: The flood evacuation drill finished normally; this is only a systems check. near the school. No further details yet.,LOW,flood,0,0,0,0,0,v2_flood_flood_low_drill,controlled_synthetic_v2,V2 mixed-disaster scenario family flood_low_drill; label reflects contextual rescue urgency.,en,validation
rpv2-00398,Need assistance — Can someone help? multiple workers are severely burned after the explosion and need emergency care. near the market. Please advise.,CRITICAL,industrial,1,0,1,1,8,v2_industrial_industrial_critical_burns,controlled_synthetic_v2,V2 mixed-disaster scenario family industrial_critical_burns; label reflects contextual rescue urgency.,en,train
rpv2-00249,A flooded road has closed the local route; residents need a welfare check. on the east side. No further details yet.,MEDIUM,flood,0,0,0,0,5,v2_flood_flood_medium_route,controlled_synthetic_v2,V2 mixed-disaster scenario family flood_medium_route; label reflects contextual rescue urgency.,en,validation
rpv2-00778,SOS: A passenger is bleeding severely after the collision while is losing consciousness. at the apartment block. This is the current update.,CRITICAL,transportation,1,0,0,1,1,v2_transportation_transport_critical_bleeding,controlled_synthetic_v2,V2 mixed-disaster scenario family transport_critical_bleeding; label reflects contextual rescue urgency.,en,test
rpv2-00537,Moderate damage affects the area and residents need a welfare check. near the market. Please advise.,MEDIUM,other,0,0,0,0,15,v2_other_other_medium_damage,controlled_synthetic_v2,V2 mixed-disaster scenario family other_medium_damage; label reflects contextual rescue urgency.,en,train
rpv2-00869,Update: The wildfire surrounds the house and residents are trapped inside. Please send someone. along the main road. We need the appropriate response.,CRITICAL,wildfire,0,1,1,0,5,v2_wildfire_wildfire_critical_trapped,controlled_synthetic_v2,V2 mixed-disaster scenario family wildfire_critical_trapped; label reflects contextual rescue urgency.,en,train
rpv2-00351,Field note: Wind damaged part of a roof; everyone is safe but thee family needs assistance. on the east side. We need the appropriate response.,MEDIUM,hurricane,0,0,0,0,4,v2_hurricane_hurricane_medium_roof,controlled_synthetic_v2,V2 mixed-disaster scenario family hurricane_medium_roof; label reflects contextual rescue urgency.,en,train
rpv2-00627,"Please help, A local disturbance damaged storefronts and businesses need basic assistance. on the east side. No further details yet.",MEDIUM,societal,0,0,0,0,8,v2_societal_societal_medium_damage,controlled_synthetic_v2,V2 mixed-disaster scenario family societal_medium_damage; label reflects contextual rescue urgency.,en,train
rpv2-00903,Field note: Fire damaged part of thee building; everyone evacuated safely but support is needed. by the river. This is the current update.,HIGH,wildfire,0,0,1,0,9,v2_wildfire_wildfire_high_damage,controlled_synthetic_v2,V2 mixed-disaster scenario family wildfire_high_damage; label reflects contextual rescue urgency.,en,train
rpv2-00553,"Hello, this is a test message and nobody needs assistance. along the main road.",LOW,other,0,0,0,0,0,v2_other_other_low_greeting,controlled_synthetic_v2,V2 mixed-disaster scenario family other_low_greeting; label reflects contextual rescue urgency.,en,train
rpv2-00940,"Caller says: Smoke is visible far away, but there is no fire near us and everyone is safe. near the school. This is the current update.",LOW,wildfire,0,0,0,0,0,v2_wildfire_wildfire_low_smoke,controlled_synthetic_v2,V2 mixed-disaster scenario family wildfire_low_smoke; label reflects contextual rescue urgency.,en,train
rpv2-00652,Caller says: This is a report about unrest elsewhere; our area is calm and safe. along the main road. This is the current update.,LOW,societal,0,0,0,0,0,v2_societal_societal_low_news,controlled_synthetic_v2,V2 mixed-disaster scenario family societal_low_news; label reflects contextual rescue urgency.,en,test
rpv2-00917,Update: Wildfire smoke is affecting the neighborhood and residents need masks. Please send someone. at the apartment block.,MEDIUM,wildfire,0,0,0,0,25,v2_wildfire_wildfire_medium_smoke,controlled_synthetic_v2,V2 mixed-disaster scenario family wildfire_medium_smoke; label reflects contextual rescue urgency.,en,train
rpv2-00027,"Please help, An outbreak is affecting many residents and urgent public-health support is needed. at the apartment block. This is the current update.",HIGH,biological,0,0,0,1,50,v2_biological_biological_high_outbreak,controlled_synthetic_v2,V2 mixed-disaster scenario family biological_high_outbreak; label reflects contextual rescue urgency.,en,train
rpv2-00064,Report from resident: Third-party report: A local clinic needs basic supplies for patients with stable illness. at the apartment block.,MEDIUM,biological,0,0,0,1,20,v2_biological_biological_medium_clinic,controlled_synthetic_v2,V2 mixed-disaster scenario family biological_medium_clinic; label reflects contextual rescue urgency.,en,train
rpv2-00069,Update: The neighborhood needs screening after an outbreak report; no immediate danger is reported. Please send someone. on the east side.,MEDIUM,biological,0,0,0,1,40,v2_biological_biological_medium_screening,controlled_synthetic_v2,V2 mixed-disaster scenario family biological_medium_screening; label reflects contextual rescue urgency.,en,train
rpv2-00659,"Please help, The public event ended peacefully and no assistance is needed. near the market. We need the appropriate response.",LOW,societal,0,0,0,0,100,v2_societal_societal_low_event,controlled_synthetic_v2,V2 mixed-disaster scenario family societal_low_event; label reflects contextual rescue urgency.,en,test
rpv2-00464,Report from resident: Third-party report: The fire drill at the plant is finished and everyone is safe. at the apartment block. No further details yet.,LOW,industrial,0,0,1,0,40,v2_industrial_industrial_low_drill,controlled_synthetic_v2,V2 mixed-disaster scenario family industrial_low_drill; label reflects contextual rescue urgency.,en,train
rpv2-00572,"Caller says: The situation sounds serious in the news, but everyone at this location is safe. at the apartment block. No further details yet.",LOW,other,0,0,0,0,2,v2_other_other_low_safe,controlled_synthetic_v2,V2 mixed-disaster scenario family other_low_safe; label reflects contextual rescue urgency.,en,train
rpv2-00657,The public event ended peacefully and no assistance is needed. at the apartment block. Please advise.,LOW,societal,0,0,0,0,100,v2_societal_societal_low_event,controlled_synthetic_v2,V2 mixed-disaster scenario family societal_low_event; label reflects contextual rescue urgency.,en,test
rpv2-00746,SOS: The tornado warning has ended here while everyone is safe; no response is needed. near the market.,LOW,tornado,0,0,0,0,0,v2_tornado_tornado_low_warning,controlled_synthetic_v2,V2 mixed-disaster scenario family tornado_low_warning; label reflects contextual rescue urgency.,en,train
rpv2-00004,Caller says: Several residents are unconscious during the severe outbreak and need emergency care. by the river. This is the current update.,CRITICAL,biological,1,0,0,1,7,v2_biological_biological_critical_unconscious,controlled_synthetic_v2,V2 mixed-disaster scenario family biological_critical_unconscious; label reflects contextual rescue urgency.,en,train
rpv2-00918,Need assistance — Can someone help? wildfire smoke is affecting the neighborhood and residents need masks. at the apartment block. No further details yet.,MEDIUM,wildfire,0,0,0,0,25,v2_wildfire_wildfire_medium_smoke,controlled_synthetic_v2,V2 mixed-disaster scenario family wildfire_medium_smoke; label reflects contextual rescue urgency.,en,train
rpv2-00315,"Please help, Hurricane damage made several homes unsafe and families need evacuation help. by the river. No further details yet.",HIGH,hurricane,0,0,0,0,18,v2_hurricane_hurricane_high_evacuation,controlled_synthetic_v2,V2 mixed-disaster scenario family hurricane_high_evacuation; label reflects contextual rescue urgency.,en,train
rpv2-00456,Report from resident: Third-party report: A machine damaged part of the facility and staff need a safe inspection. along the main road. This is the current update.,MEDIUM,industrial,0,0,0,0,10,v2_industrial_industrial_medium_damage,controlled_synthetic_v2,V2 mixed-disaster scenario family industrial_medium_damage; label reflects contextual rescue urgency.,en,test
rpv2-00717,Update: Several people have serious injuries after the tornado but are conscious. Please send someone. by the river.,HIGH,tornado,1,0,0,1,6,v2_tornado_tornado_high_injury,controlled_synthetic_v2,V2 mixed-disaster scenario family tornado_high_injury; label reflects contextual rescue urgency.,en,test
rpv2-00210,SOS: Floodwater swept through the building; injured residents need immediate rescue. along the main road.,CRITICAL,flood,1,0,0,1,7,v2_flood_flood_critical_injured,controlled_synthetic_v2,V2 mixed-disaster scenario family flood_critical_injured; label reflects contextual rescue urgency.,en,train
rpv2-00709,Update: A damaged building is unsafe after the tornado and people must evacuate. Please send someone. on the east side. This is the current update.,HIGH,tornado,0,0,0,0,14,v2_tornado_tornado_high_evacuation,controlled_synthetic_v2,V2 mixed-disaster scenario family tornado_high_evacuation; label reflects contextual rescue urgency.,en,train
rpv2-00019,"Please help, Multiple patients are collapsing and responders need to act immediately. by the river. This is the current update.",CRITICAL,biological,1,0,0,1,12,v2_biological_biological_critical_multiple,controlled_synthetic_v2,V2 mixed-disaster scenario family biological_critical_multiple; label reflects contextual rescue urgency.,en,train
rpv2-00600,Report from resident: Third-party report: Multiple people are severely injured and responders must provide emergency care now. on the east side.,CRITICAL,societal,1,0,0,1,14,v2_societal_societal_critical_multiple,controlled_synthetic_v2,V2 mixed-disaster scenario family societal_critical_multiple; label reflects contextual rescue urgency.,en,train
rpv2-00555,"Please help, Hello, this is a test message and nobody is asking for assistance. on the east side. No further details yet.",LOW,other,0,0,0,0,0,v2_other_other_low_greeting,controlled_synthetic_v2,V2 mixed-disaster scenario family other_low_greeting; label reflects contextual rescue urgency.,en,train
rpv2-00472,Report from resident: Third-party report: This is an industrial accident news report; no emergency is happening here. at the apartment block.,LOW,industrial,0,0,0,0,0,v2_industrial_industrial_low_news,controlled_synthetic_v2,V2 mixed-disaster scenario family industrial_low_news; label reflects contextual rescue urgency.,en,train
rpv2-00885,Update: The fire blocked both exits and a family cannot escape. Please send someone. along the main road. No further details yet.,CRITICAL,wildfire,0,1,1,0,4,v2_wildfire_wildfire_critical_escape,controlled_synthetic_v2,V2 mixed-disaster scenario family wildfire_critical_escape; label reflects contextual rescue urgency.,en,train
rpv2-00718,Need assistance — Can someone help? several people have serious injuries after the tornado but are conscious. on the east side. No further details yet.,HIGH,tornado,1,0,0,1,6,v2_tornado_tornado_high_injury,controlled_synthetic_v2,V2 mixed-disaster scenario family tornado_high_injury; label reflects contextual rescue urgency.,en,test
rpv2-00199,Field note: Several people are trapped by rapidly rising floodwater and cannot get out. pls. by the river. We need the appropriate response.,CRITICAL,flood,0,1,0,0,6,v2_flood_flood_critical_trapped,controlled_synthetic_v2,V2 mixed-disaster scenario family flood_critical_trapped; label reflects contextual rescue urgency.,en,test
rpv2-00695,Field note: The tornado destroyed thee building and multiple residents are severely injured. at the apartment block. No further details yet.,CRITICAL,tornado,1,0,0,1,10,v2_tornado_tornado_critical_collapse,controlled_synthetic_v2,V2 mixed-disaster scenario family tornado_critical_collapse; label reflects contextual rescue urgency.,en,train
rpv2-00342,Need assistance — Can someone help? the hurricane caused a local power outage and residents need basic support. on the east side.,MEDIUM,hurricane,0,0,0,0,15,v2_hurricane_hurricane_medium_power,controlled_synthetic_v2,V2 mixed-disaster scenario family hurricane_medium_power; label reflects contextual rescue urgency.,en,train
rpv2-00368,"Report from resident: Third-party report: The hurricane forecast is being discussed, but our area is unaffected and safe. at the apartment block. This is the current update.",LOW,hurricane,0,0,0,0,0,v2_hurricane_hurricane_low_forecast,controlled_synthetic_v2,V2 mixed-disaster scenario family hurricane_low_forecast; label reflects contextual rescue urgency.,en,train
rpv2-00068,Caller says: The neighborhood needs screening after an outbreak report; no immediate danger is reported. near the market.,MEDIUM,biological,0,0,0,1,40,v2_biological_biological_medium_screening,controlled_synthetic_v2,V2 mixed-disaster scenario family biological_medium_screening; label reflects contextual rescue urgency.,en,train
rpv2-00498,SOS: A person is severely bleeding while needs emergency rescue now. along the main road.,CRITICAL,other,1,0,0,1,1,v2_other_other_critical_bleeding,controlled_synthetic_v2,V2 mixed-disaster scenario family other_critical_bleeding; label reflects contextual rescue urgency.,en,train
rpv2-00470,Need assistance — Can someone help? this is an industrial accident news report; no emergency is happening here. on the east side. Please advise.,LOW,industrial,0,0,0,0,0,v2_industrial_industrial_low_news,controlled_synthetic_v2,V2 mixed-disaster scenario family industrial_low_news; label reflects contextual rescue urgency.,en,train
rpv2-00206,Need assistance — Can someone help? a child and two adults are stranded on a roof; immediate water rescue is required. at the apartment block. We need the appropriate response.,CRITICAL,flood,0,1,0,0,3,v2_flood_flood_critical_rescue,controlled_synthetic_v2,V2 mixed-disaster scenario family flood_critical_rescue; label reflects contextual rescue urgency.,en,train
rpv2-00516,Caller says: Significant damage has made several rooms unsafe and families need relocation. near the market. We need the appropriate response.,HIGH,other,0,0,0,0,12,v2_other_other_high_damage,controlled_synthetic_v2,V2 mixed-disaster scenario family other_high_damage; label reflects contextual rescue urgency.,en,train
rpv2-00867,"Please help, The wildfire surrounds the house and residents are trapped inside. near the market. This is the current update.",CRITICAL,wildfire,0,1,1,0,5,v2_wildfire_wildfire_critical_trapped,controlled_synthetic_v2,V2 mixed-disaster scenario family wildfire_critical_trapped; label reflects contextual rescue urgency.,en,train
rpv2-00275,"Please help, A little water is on the roadside after rain; traffic is moving and everyone is safe. at the apartment block. Please advise.",LOW,flood,0,0,0,0,1,v2_flood_flood_low_puddle,controlled_synthetic_v2,V2 mixed-disaster scenario family flood_low_puddle; label reflects contextual rescue urgency.,en,train
rpv2-00808,Report from resident: Third-party report: A train derailment damaged the carriage and passengers need urgent evacuation. near the market. Please advise.,HIGH,transportation,0,0,0,0,40,v2_transportation_transport_high_derail,controlled_synthetic_v2,V2 mixed-disaster scenario family transport_high_derail; label reflects contextual rescue urgency.,en,train
rpv2-00495,Field note: An unconscious person needs immediate medical help at thee scene. by the river. We need the appropriate response.,CRITICAL,other,1,0,0,1,1,v2_other_other_critical_unconscious,controlled_synthetic_v2,V2 mixed-disaster scenario family other_critical_unconscious; label reflects contextual rescue urgency.,en,train
rpv2-00776,Report from resident: Third-party report: Passengers are trapped in the overturned bus and need immediate rescue. by the river. No further details yet.,CRITICAL,transportation,1,1,0,1,9,v2_transportation_transport_critical_trapped,controlled_synthetic_v2,V2 mixed-disaster scenario family transport_critical_trapped; label reflects contextual rescue urgency.,en,train
rpv2-00151,Field note: The earthquake left cracks in one room; residents are safe but need an inspection. pls. near the school. This is the current update.,MEDIUM,earthquake,0,0,0,0,3,v2_earthquake_earthquake_medium_cracks,controlled_synthetic_v2,V2 mixed-disaster scenario family earthquake_medium_cracks; label reflects contextual rescue urgency.,en,train
rpv2-00184,"Report from resident: Third-party report: A small earthquake was felt, but nothing fell and no response is needed. by the river. No further details yet.",LOW,earthquake,0,0,0,0,1,v2_earthquake_earthquake_low_shake,controlled_synthetic_v2,V2 mixed-disaster scenario family earthquake_low_shake; label reflects contextual rescue urgency.,en,train
rpv2-00821,Update: A minor crash blocks one lane; everyone is conscious and basic assistance is needed. Please send someone. at the apartment block. No further details yet.,MEDIUM,transportation,0,0,0,0,2,v2_transportation_transport_medium_lane,controlled_synthetic_v2,V2 mixed-disaster scenario family transport_medium_lane; label reflects contextual rescue urgency.,en,train
rpv2-00218,SOS: Floodwater is rising toward several houses while an evacuation is needed. near the school.,HIGH,flood,0,0,0,0,18,v2_flood_flood_high_evacuation,controlled_synthetic_v2,V2 mixed-disaster scenario family flood_high_evacuation; label reflects contextual rescue urgency.,en,validation
rpv2-00143,Field note: A serious but stable injury followed thee earthquake and needs urgent treatment. by the river. No further details yet.,HIGH,earthquake,1,0,0,1,1,v2_earthquake_earthquake_high_injury,controlled_synthetic_v2,V2 mixed-disaster scenario family earthquake_high_injury; label reflects contextual rescue urgency.,en,validation
rpv2-00756,"Caller says: I am reporting tornado news from another town, not an emergency at this location. along the main road. This is the current update.",LOW,tornado,0,0,0,0,0,v2_tornado_tornado_low_news,controlled_synthetic_v2,V2 mixed-disaster scenario family tornado_low_news; label reflects contextual rescue urgency.,en,validation
rpv2-00426,SOS: A worker has a serious injury after the machinery accident while needs urgent care. along the main road. This is the current update.,HIGH,industrial,1,0,0,1,1,v2_industrial_industrial_high_injury,controlled_synthetic_v2,V2 mixed-disaster scenario family industrial_high_injury; label reflects contextual rescue urgency.,en,train
rpv2-00441,A small chemical spill closed one room; nobody is hurt and cleanup is needed. along the main road. No further details yet.,MEDIUM,industrial,0,0,0,0,3,v2_industrial_industrial_medium_spill,controlled_synthetic_v2,V2 mixed-disaster scenario family industrial_medium_spill; label reflects contextual rescue urgency.,en,test
rpv2-00494,Need assistance — Can someone help? an unconscious person needs immediate medical help at the scene. near the school.,CRITICAL,other,1,0,0,1,1,v2_other_other_critical_unconscious,controlled_synthetic_v2,V2 mixed-disaster scenario family other_critical_unconscious; label reflects contextual rescue urgency.,en,train
rpv2-00177,"A small earthquake was felt, but nothing fell and no response is needed. by the river. This is the current update.",LOW,earthquake,0,0,0,0,1,v2_earthquake_earthquake_low_shake,controlled_synthetic_v2,V2 mixed-disaster scenario family earthquake_low_shake; label reflects contextual rescue urgency.,en,train
rpv2-00956,Caller says: The wildfire evacuation drill ended normally and no one needs help. on the east side. We need the appropriate response.,LOW,wildfire,0,0,0,0,12,v2_wildfire_wildfire_low_drill,controlled_synthetic_v2,V2 mixed-disaster scenario family wildfire_low_drill; label reflects contextual rescue urgency.,en,train
rpv2-00506,SOS: A dangerous situation requires evacuation while urgent support for residents. near the market. No further details yet.,HIGH,other,0,0,0,0,20,v2_other_other_high_evacuation,controlled_synthetic_v2,V2 mixed-disaster scenario family other_high_evacuation; label reflects contextual rescue urgency.,en,train
rpv2-00480,Report from resident: Third-party report: A test alarm sounded at the factory and the area is clear. along the main road. No further details yet.,LOW,industrial,0,0,0,0,15,v2_industrial_industrial_low_alarm,controlled_synthetic_v2,V2 mixed-disaster scenario family industrial_low_alarm; label reflects contextual rescue urgency.,en,train
rpv2-00895,Field note: Wildfire is approaching homes and an organized evacuation is required. pls. at the apartment block. This is the current update.,HIGH,wildfire,0,0,1,0,35,v2_wildfire_wildfire_high_front,controlled_synthetic_v2,V2 mixed-disaster scenario family wildfire_high_front; label reflects contextual rescue urgency.,en,validation
rpv2-00497,A person is severely bleeding and needs emergency rescue now. on the east side. No further details yet.,CRITICAL,other,1,0,0,1,1,v2_other_other_critical_bleeding,controlled_synthetic_v2,V2 mixed-disaster scenario family other_critical_bleeding; label reflects contextual rescue urgency.,en,train
rpv2-00697,The tornado damaged multiple homes and residents need urgent shelter support. on the east side. Please advise.,HIGH,tornado,0,0,0,0,20,v2_tornado_tornado_high_homes,controlled_synthetic_v2,V2 mixed-disaster scenario family tornado_high_homes; label reflects contextual rescue urgency.,en,train
rpv2-00048,Report from resident: Third-party report: Several people are seriously ill but conscious and need urgent medical transport. at the apartment block. No further details yet.,HIGH,biological,1,0,0,1,6,v2_biological_biological_high_injury,controlled_synthetic_v2,V2 mixed-disaster scenario family biological_high_injury; label reflects contextual rescue urgency.,en,train
rpv2-00899,"Please help, Fire damaged part of the building; everyone evacuated safely but support is needed. along the main road.",HIGH,wildfire,0,0,1,0,9,v2_wildfire_wildfire_high_damage,controlled_synthetic_v2,V2 mixed-disaster scenario family wildfire_high_damage; label reflects contextual rescue urgency.,en,train
rpv2-00174,Need assistance — Can someone help? i am sharing earthquake news; this location has no damage and everyone is safe. near the school. No further details yet.,LOW,earthquake,0,0,0,0,0,v2_earthquake_earthquake_low_news,controlled_synthetic_v2,V2 mixed-disaster scenario family earthquake_low_news; label reflects contextual rescue urgency.,en,train
rpv2-00188,Caller says: The earthquake preparedness drill is complete; this is not an emergency. at the apartment block. We need the appropriate response.,LOW,earthquake,0,0,0,0,0,v2_earthquake_earthquake_low_drill,controlled_synthetic_v2,V2 mixed-disaster scenario family earthquake_low_drill; label reflects contextual rescue urgency.,en,train
rpv2-00535,"Field note: A local disruption needs basic assistance, but theere is no immediate threat. on the east side. This is the current update.",MEDIUM,other,0,0,0,0,4,v2_other_other_medium_help,controlled_synthetic_v2,V2 mixed-disaster scenario family other_medium_help; label reflects contextual rescue urgency.,en,train
rpv2-00209,Floodwater swept through the building; injured residents need immediate rescue. on the east side. We need the appropriate response.,CRITICAL,flood,1,0,0,1,7,v2_flood_flood_critical_injured,controlled_synthetic_v2,V2 mixed-disaster scenario family flood_critical_injured; label reflects contextual rescue urgency.,en,train
rpv2-00922,SOS: A small fire damaged an empty shed while is being contained. along the main road.,MEDIUM,wildfire,0,0,1,0,2,v2_wildfire_wildfire_medium_shed,controlled_synthetic_v2,V2 mixed-disaster scenario family wildfire_medium_shed; label reflects contextual rescue urgency.,en,train
rpv2-00357,"Update: Several residents need water after the storm, with no immediate danger reported. Please send someone. on the east side. This is the current update.",MEDIUM,hurricane,0,0,0,0,20,v2_hurricane_hurricane_medium_supplies,controlled_synthetic_v2,V2 mixed-disaster scenario family hurricane_medium_supplies; label reflects contextual rescue urgency.,en,train
rpv2-00799,Field note: A bus crash caused serious injuries; everyone is conscious and responders are needed. pls. near the school. This is the current update.,HIGH,transportation,1,0,0,1,8,v2_transportation_transport_high_crash,controlled_synthetic_v2,V2 mixed-disaster scenario family transport_high_crash; label reflects contextual rescue urgency.,en,validation
rpv2-00651,"Please help, This is a report about unrest elsewhere; our area is calm and safe. along the main road.",LOW,societal,0,0,0,0,0,v2_societal_societal_low_news,controlled_synthetic_v2,V2 mixed-disaster scenario family societal_low_news; label reflects contextual rescue urgency.,en,test
rpv2-00641,One person has a minor injury after the disturbance and needs assistance. by the river. Please advise.,MEDIUM,societal,1,0,0,1,1,v2_societal_societal_medium_injury,controlled_synthetic_v2,V2 mixed-disaster scenario family societal_medium_injury; label reflects contextual rescue urgency.,en,train
rpv2-00904,Report from resident: Third-party report: Fire damaged part of the building; everyone evacuated safely but support is needed. on the east side. Please advise.,HIGH,wildfire,0,0,1,0,9,v2_wildfire_wildfire_high_damage,controlled_synthetic_v2,V2 mixed-disaster scenario family wildfire_high_damage; label reflects contextual rescue urgency.,en,train
rpv2-00585,A person is bleeding severely and unconscious after the attack. near the market. We need the appropriate response.,CRITICAL,societal,1,0,0,1,1,v2_societal_societal_critical_bleeding,controlled_synthetic_v2,V2 mixed-disaster scenario family societal_critical_bleeding; label reflects contextual rescue urgency.,en,test
rpv2-00038,Need assistance — Can someone help? residents must leave the exposed building for treatment and safe shelter. along the main road.,HIGH,biological,0,0,0,1,20,v2_biological_biological_high_evacuation,controlled_synthetic_v2,V2 mixed-disaster scenario family biological_high_evacuation; label reflects contextual rescue urgency.,en,test
rpv2-00411,"Please help, A building fire requires evacuation; everyone is outside but support is needed. by the river. This is the current update.",HIGH,industrial,0,0,1,0,18,v2_industrial_industrial_high_fire,controlled_synthetic_v2,V2 mixed-disaster scenario family industrial_high_fire; label reflects contextual rescue urgency.,en,train
rpv2-00678,Need assistance — Can someone help? people are trapped under tornado debris and cannot escape without rescue. along the main road. We need the appropriate response.,CRITICAL,tornado,1,1,0,1,6,v2_tornado_tornado_critical_debris,controlled_synthetic_v2,V2 mixed-disaster scenario family tornado_critical_debris; label reflects contextual rescue urgency.,en,validation
rpv2-00662,Need assistance — Can someone help? the public event ended peacefully and no assistance is needed. at the apartment block. Please advise.,LOW,societal,0,0,0,0,100,v2_societal_societal_low_event,controlled_synthetic_v2,V2 mixed-disaster scenario family societal_low_event; label reflects contextual rescue urgency.,en,test
rpv2-00623,Field note: Multiple people have serious injuries after thee incident but remain conscious. near the school. This is the current update.,HIGH,societal,1,0,0,1,6,v2_societal_societal_high_injury,controlled_synthetic_v2,V2 mixed-disaster scenario family societal_high_injury; label reflects contextual rescue urgency.,en,test
rpv2-00180,"Caller says: A small earthquake was felt, but nothing fell and no response is needed. along the main road.",LOW,earthquake,0,0,0,0,1,v2_earthquake_earthquake_low_shake,controlled_synthetic_v2,V2 mixed-disaster scenario family earthquake_low_shake; label reflects contextual rescue urgency.,en,train
rpv2-00445,Update: A small chemical spill closed one room; nobody is hurt and cleanup is needed. Please send someone. near the school. We need the appropriate response.,MEDIUM,industrial,0,0,0,0,3,v2_industrial_industrial_medium_spill,controlled_synthetic_v2,V2 mixed-disaster scenario family industrial_medium_spill; label reflects contextual rescue urgency.,en,test
rpv2-00722,SOS: The tornado damaged a roof while the household needs repair assistance. by the river. No further details yet.,MEDIUM,tornado,0,0,0,0,3,v2_tornado_tornado_medium_roof,controlled_synthetic_v2,V2 mixed-disaster scenario family tornado_medium_roof; label reflects contextual rescue urgency.,en,train
rpv2-00303,Field note: A resident is bleeding badly after debris struck theem; immediate medical help is needed. along the main road. Please advise.,CRITICAL,hurricane,1,0,0,1,1,v2_hurricane_hurricane_critical_bleeding,controlled_synthetic_v2,V2 mixed-disaster scenario family hurricane_critical_bleeding; label reflects contextual rescue urgency.,en,train
rpv2-00797,Update: A bus crash caused serious injuries; everyone is conscious and responders are needed. Please send someone. by the river. No further details yet.,HIGH,transportation,1,0,0,1,8,v2_transportation_transport_high_crash,controlled_synthetic_v2,V2 mixed-disaster scenario family transport_high_crash; label reflects contextual rescue urgency.,en,validation
rpv2-00244,"Caller says: Floodwater entered the yard and we need basic assistance, but nobody is trapped. at the apartment block. No further details yet.",MEDIUM,flood,0,0,0,0,2,v2_flood_flood_medium_home,controlled_synthetic_v2,V2 mixed-disaster scenario family flood_medium_home; label reflects contextual rescue urgency.,en,train
rpv2-00863,Field note: The station evacuation drill is complete and everyone is safe. pls. near the market.,LOW,transportation,0,0,0,0,30,v2_transportation_transport_low_drill,controlled_synthetic_v2,V2 mixed-disaster scenario family transport_low_drill; label reflects contextual rescue urgency.,en,train
rpv2-00182,"Need assistance — Can someone help? a small earthquake was felt, but nothing fell and no response is needed. at the apartment block. Please advise.",LOW,earthquake,0,0,0,0,1,v2_earthquake_earthquake_low_shake,controlled_synthetic_v2,V2 mixed-disaster scenario family earthquake_low_shake; label reflects contextual rescue urgency.,en,train
rpv2-00283,"Please help, The flood evacuation drill finished normally; this is only a systems check. at the apartment block.",LOW,flood,0,0,0,0,0,v2_flood_flood_low_drill,controlled_synthetic_v2,V2 mixed-disaster scenario family flood_low_drill; label reflects contextual rescue urgency.,en,validation
rpv2-00391,Field note: An active fire has workers trapped inside thee plant; send rescue immediately. at the apartment block. This is the current update.,CRITICAL,industrial,0,1,1,0,7,v2_industrial_industrial_critical_trapped,controlled_synthetic_v2,V2 mixed-disaster scenario family industrial_critical_trapped; label reflects contextual rescue urgency.,en,validation
rpv2-00936,"Report from resident: Third-party report: Smoke closed a local road, but residents are safe and need transport advice. at the apartment block. No further details yet.",MEDIUM,wildfire,0,0,0,0,8,v2_wildfire_wildfire_medium_route,controlled_synthetic_v2,V2 mixed-disaster scenario family wildfire_medium_route; label reflects contextual rescue urgency.,en,train
rpv2-00170,SOS: I am sharing earthquake news; this location has no damage while everyone is safe. near the school. No further details yet.,LOW,earthquake,0,0,0,0,0,v2_earthquake_earthquake_low_news,controlled_synthetic_v2,V2 mixed-disaster scenario family earthquake_low_news; label reflects contextual rescue urgency.,en,train
rpv2-00944,"Report from resident: Third-party report: Smoke is visible far away, but there is no fire near us and everyone is safe. by the river.",LOW,wildfire,0,0,0,0,0,v2_wildfire_wildfire_low_smoke,controlled_synthetic_v2,V2 mixed-disaster scenario family wildfire_low_smoke; label reflects contextual rescue urgency.,en,train
rpv2-00138,SOS: A serious but stable injury followed the earthquake while needs urgent treatment. on the east side.,HIGH,earthquake,1,0,0,1,1,v2_earthquake_earthquake_high_injury,controlled_synthetic_v2,V2 mixed-disaster scenario family earthquake_high_injury; label reflects contextual rescue urgency.,en,validation
rpv2-00766,Need assistance — Can someone help? this is a tornado shelter drill and all participants are accounted for. at the apartment block. No further details yet.,LOW,tornado,0,0,0,0,20,v2_tornado_tornado_low_drill,controlled_synthetic_v2,V2 mixed-disaster scenario family tornado_low_drill; label reflects contextual rescue urgency.,en,train
rpv2-00941,"Update: Smoke is visible far away, but there is no fire near us and everyone is safe. Please send someone. near the school. Please advise.",LOW,wildfire,0,0,0,0,0,v2_wildfire_wildfire_low_smoke,controlled_synthetic_v2,V2 mixed-disaster scenario family wildfire_low_smoke; label reflects contextual rescue urgency.,en,train
rpv2-00339,"Please help, The hurricane caused a local power outage and residents need basic support. along the main road. Please advise.",MEDIUM,hurricane,0,0,0,0,15,v2_hurricane_hurricane_medium_power,controlled_synthetic_v2,V2 mixed-disaster scenario family hurricane_medium_power; label reflects contextual rescue urgency.,en,train
rpv2-00491,"Please help, An unconscious person is asking for immediate medical help at the scene. along the main road. No further details yet.",CRITICAL,other,1,0,0,1,1,v2_other_other_critical_unconscious,controlled_synthetic_v2,V2 mixed-disaster scenario family other_critical_unconscious; label reflects contextual rescue urgency.,en,train
rpv2-00496,Report from resident: Third-party report: An unconscious person needs immediate medical help at the scene. near the market. No further details yet.,CRITICAL,other,1,0,0,1,1,v2_other_other_critical_unconscious,controlled_synthetic_v2,V2 mixed-disaster scenario family other_critical_unconscious; label reflects contextual rescue urgency.,en,train
rpv2-00710,Need assistance — Can someone help? a damaged building is unsafe after the tornado and people must evacuate. on the east side. We need the appropriate response.,HIGH,tornado,0,0,0,0,14,v2_tornado_tornado_high_evacuation,controlled_synthetic_v2,V2 mixed-disaster scenario family tornado_high_evacuation; label reflects contextual rescue urgency.,en,train
rpv2-00560,"Report from resident: Third-party report: Hello, this is a test message and nobody needs assistance. along the main road. Please advise.",LOW,other,0,0,0,0,0,v2_other_other_low_greeting,controlled_synthetic_v2,V2 mixed-disaster scenario family other_low_greeting; label reflects contextual rescue urgency.,en,train
rpv2-00074,SOS: This is a health news update; no one here is ill or requesting help. along the main road.,LOW,biological,0,0,0,0,0,v2_biological_biological_low_news,controlled_synthetic_v2,V2 mixed-disaster scenario family biological_low_news; label reflects contextual rescue urgency.,en,validation
rpv2-00617,Multiple people have serious injuries after the incident but remain conscious. along the main road. Please advise.,HIGH,societal,1,0,0,1,6,v2_societal_societal_high_injury,controlled_synthetic_v2,V2 mixed-disaster scenario family societal_high_injury; label reflects contextual rescue urgency.,en,test
rpv2-00396,Caller says: Multiple workers are severely burned after the explosion and need emergency care. at the apartment block. This is the current update.,CRITICAL,industrial,1,0,1,1,8,v2_industrial_industrial_critical_burns,controlled_synthetic_v2,V2 mixed-disaster scenario family industrial_critical_burns; label reflects contextual rescue urgency.,en,train
rpv2-00478,Need assistance — Can someone help? a test alarm sounded at the factory and the area is clear. by the river. Please advise.,LOW,industrial,0,0,0,0,15,v2_industrial_industrial_low_alarm,controlled_synthetic_v2,V2 mixed-disaster scenario family industrial_low_alarm; label reflects contextual rescue urgency.,en,train
rpv2-00034,SOS: Residents must leave the exposed building for treatment while safe shelter. at the apartment block. Please advise.,HIGH,biological,0,0,0,1,20,v2_biological_biological_high_evacuation,controlled_synthetic_v2,V2 mixed-disaster scenario family biological_high_evacuation; label reflects contextual rescue urgency.,en,test
rpv2-00060,Caller says: A local clinic needs basic supplies for patients with stable illness. at the apartment block.,MEDIUM,biological,0,0,0,1,20,v2_biological_biological_medium_clinic,controlled_synthetic_v2,V2 mixed-disaster scenario family biological_medium_clinic; label reflects contextual rescue urgency.,en,train
rpv2-00229,Update: The flood damaged the lower floors; families are outside but need urgent shelter. Please send someone. along the main road. Please advise.,HIGH,flood,0,0,0,0,12,v2_flood_flood_high_damage,controlled_synthetic_v2,V2 mixed-disaster scenario family flood_high_damage; label reflects contextual rescue urgency.,en,train
rpv2-00613,Update: Several people need urgent shelter after serious damage to the community center. Please send someone. near the market. Please advise.,HIGH,societal,0,0,0,0,25,v2_societal_societal_high_damage,controlled_synthetic_v2,V2 mixed-disaster scenario family societal_high_damage; label reflects contextual rescue urgency.,en,train
rpv2-00013,Update: A patient is struggling to breathe and needs immediate medical rescue. Please send someone. along the main road. No further details yet.,CRITICAL,biological,1,0,0,1,1,v2_biological_biological_critical_breathing,controlled_synthetic_v2,V2 mixed-disaster scenario family biological_critical_breathing; label reflects contextual rescue urgency.,en,test
rpv2-00531,"Please help, A local disruption is asking for basic assistance, but there is no immediate threat. along the main road. Please advise.",MEDIUM,other,0,0,0,0,4,v2_other_other_medium_help,controlled_synthetic_v2,V2 mixed-disaster scenario family other_medium_help; label reflects contextual rescue urgency.,en,train
rpv2-00889,Wildfire is approaching homes and an organized evacuation is required. near the school. No further details yet.,HIGH,wildfire,0,0,1,0,35,v2_wildfire_wildfire_high_front,controlled_synthetic_v2,V2 mixed-disaster scenario family wildfire_high_front; label reflects contextual rescue urgency.,en,validation
rpv2-00439,Field note: A contained fire damaged equipment and workers need assistance. pls. along the main road. No further details yet.,MEDIUM,industrial,0,0,1,0,4,v2_industrial_industrial_medium_fire,controlled_synthetic_v2,V2 mixed-disaster scenario family industrial_medium_fire; label reflects contextual rescue urgency.,en,train
rpv2-00370,SOS: We are watching the storm from a safe place; no assistance is needed. by the river. Please advise.,LOW,hurricane,0,0,0,0,2,v2_hurricane_hurricane_low_watch,controlled_synthetic_v2,V2 mixed-disaster scenario family hurricane_low_watch; label reflects contextual rescue urgency.,en,test
rpv2-00424,Report from resident: Third-party report: A chemical leak made the plant unsafe and workers need urgent evacuation. near the school.,HIGH,industrial,0,0,0,1,30,v2_industrial_industrial_high_spill,controlled_synthetic_v2,V2 mixed-disaster scenario family industrial_high_spill; label reflects contextual rescue urgency.,en,train
rpv2-00413,Update: A building fire requires evacuation; everyone is outside but support is needed. Please send someone. near the school. Please advise.,HIGH,industrial,0,0,1,0,18,v2_industrial_industrial_high_fire,controlled_synthetic_v2,V2 mixed-disaster scenario family industrial_high_fire; label reflects contextual rescue urgency.,en,train
rpv2-00285,Update: The flood evacuation drill finished normally; this is only a systems check. Please send someone. near the school. This is the current update.,LOW,flood,0,0,0,0,0,v2_flood_flood_low_drill,controlled_synthetic_v2,V2 mixed-disaster scenario family flood_low_drill; label reflects contextual rescue urgency.,en,validation
rpv2-00102,Need assistance — Can someone help? the building collapsed and people are trapped under debris; send rescue now. by the river. No further details yet.,CRITICAL,earthquake,1,1,0,1,8,v2_earthquake_earthquake_critical_collapse,controlled_synthetic_v2,V2 mixed-disaster scenario family earthquake_critical_collapse; label reflects contextual rescue urgency.,en,train
rpv2-00528,Report from resident: Third-party report: A serious injury requires urgent response; the person is conscious and stable. near the market. This is the current update.,HIGH,other,1,0,0,1,1,v2_other_other_high_injury,controlled_synthetic_v2,V2 mixed-disaster scenario family other_high_injury; label reflects contextual rescue urgency.,en,train
rpv2-00390,Need assistance — Can someone help? an active fire has workers trapped inside the plant; send rescue immediately. on the east side. Please advise.,CRITICAL,industrial,0,1,1,0,7,v2_industrial_industrial_critical_trapped,controlled_synthetic_v2,V2 mixed-disaster scenario family industrial_critical_trapped; label reflects contextual rescue urgency.,en,validation
rpv2-00762,SOS: This is a tornado shelter drill while all participants are accounted for. along the main road. No further details yet.,LOW,tornado,0,0,0,0,20,v2_tornado_tornado_low_drill,controlled_synthetic_v2,V2 mixed-disaster scenario family tornado_low_drill; label reflects contextual rescue urgency.,en,train
rpv2-00923,"Please help, A small fire damaged an empty shed and is being contained. along the main road. This is the current update.",MEDIUM,wildfire,0,0,1,0,2,v2_wildfire_wildfire_medium_shed,controlled_synthetic_v2,V2 mixed-disaster scenario family wildfire_medium_shed; label reflects contextual rescue urgency.,en,train
rpv2-00348,Caller says: Wind damaged part of a roof; everyone is safe but the family needs assistance. near the market.,MEDIUM,hurricane,0,0,0,0,4,v2_hurricane_hurricane_medium_roof,controlled_synthetic_v2,V2 mixed-disaster scenario family hurricane_medium_roof; label reflects contextual rescue urgency.,en,train
rpv2-00929,"Smoke closed a local road, but residents are safe and need transport advice. at the apartment block.",MEDIUM,wildfire,0,0,0,0,8,v2_wildfire_wildfire_medium_route,controlled_synthetic_v2,V2 mixed-disaster scenario family wildfire_medium_route; label reflects contextual rescue urgency.,en,train
rpv2-00250,SOS: A flooded road has closed the local route; residents need a welfare check. along the main road.,MEDIUM,flood,0,0,0,0,5,v2_flood_flood_medium_route,controlled_synthetic_v2,V2 mixed-disaster scenario family flood_medium_route; label reflects contextual rescue urgency.,en,validation
rpv2-00230,Need assistance — Can someone help? the flood damaged the lower floors; families are outside but need urgent shelter. along the main road. This is the current update.,HIGH,flood,0,0,0,0,12,v2_flood_flood_high_damage,controlled_synthetic_v2,V2 mixed-disaster scenario family flood_high_damage; label reflects contextual rescue urgency.,en,train
rpv2-00168,"Report from resident: Third-party report: A wall is partly damaged and the family needs temporary support, not rescue. on the east side.",MEDIUM,earthquake,0,0,0,0,4,v2_earthquake_earthquake_medium_wall,controlled_synthetic_v2,V2 mixed-disaster scenario family earthquake_medium_wall; label reflects contextual rescue urgency.,en,test
rpv2-00134,Need assistance — Can someone help? several homes are unsafe after the quake; residents need urgent shelter. near the market. This is the current update.,HIGH,earthquake,0,0,0,0,22,v2_earthquake_earthquake_high_shelter,controlled_synthetic_v2,V2 mixed-disaster scenario family earthquake_high_shelter; label reflects contextual rescue urgency.,en,train
rpv2-00577,People are trapped inside the damaged facility and need immediate rescue. near the school. This is the current update.,CRITICAL,societal,0,1,0,0,9,v2_societal_societal_critical_trapped,controlled_synthetic_v2,V2 mixed-disaster scenario family societal_critical_trapped; label reflects contextual rescue urgency.,en,train
rpv2-00202,SOS: A child while two adults are stranded on a roof; immediate water rescue is required. near the market. This is the current update.,CRITICAL,flood,0,1,0,0,3,v2_flood_flood_critical_rescue,controlled_synthetic_v2,V2 mixed-disaster scenario family flood_critical_rescue; label reflects contextual rescue urgency.,en,train
rpv2-00085,Update: Please share general information about prevention; there is no emergency. Please send someone. along the main road. No further details yet.,LOW,biological,0,0,0,0,0,v2_biological_biological_low_advice,controlled_synthetic_v2,V2 mixed-disaster scenario family biological_low_advice; label reflects contextual rescue urgency.,en,train
rpv2-00620,Caller says: Multiple residents have serious injuries after the incident but remain conscious. along the main road. Please advise.,HIGH,societal,1,0,0,1,6,v2_societal_societal_high_injury,controlled_synthetic_v2,V2 mixed-disaster scenario family societal_high_injury; label reflects contextual rescue urgency.,en,test
rpv2-00685,Update: An unconscious person is in the damaged shelter after the tornado. Please send someone. near the market. No further details yet.,CRITICAL,tornado,1,0,0,1,1,v2_tornado_tornado_critical_unconscious,controlled_synthetic_v2,V2 mixed-disaster scenario family tornado_critical_unconscious; label reflects contextual rescue urgency.,en,train
rpv2-00875,"Please help, Several people have severe burns and need immediate medical rescue. along the main road. No further details yet.",CRITICAL,wildfire,1,0,1,1,6,v2_wildfire_wildfire_critical_burns,controlled_synthetic_v2,V2 mixed-disaster scenario family wildfire_critical_burns; label reflects contextual rescue urgency.,en,train
rpv2-00790,Need assistance — Can someone help? an active vehicle fire has people trapped inside. along the main road. We need the appropriate response.,CRITICAL,transportation,0,1,1,0,5,v2_transportation_transport_critical_fire,controlled_synthetic_v2,V2 mixed-disaster scenario family transport_critical_fire; label reflects contextual rescue urgency.,en,test
rpv2-00128,Report from resident: Third-party report: The earthquake badly damaged the building and occupants must evacuate. by the river. We need the appropriate response.,HIGH,earthquake,0,0,0,0,15,v2_earthquake_earthquake_high_evacuation,controlled_synthetic_v2,V2 mixed-disaster scenario family earthquake_high_evacuation; label reflects contextual rescue urgency.,en,test
rpv2-00261,"Update: Water is affecting several homes and people need supplies, but everyone is safe. Please send someone. near the school. We need the appropriate response.",MEDIUM,flood,0,0,0,0,8,v2_flood_flood_medium_supplies,controlled_synthetic_v2,V2 mixed-disaster scenario family flood_medium_supplies; label reflects contextual rescue urgency.,en,test
rpv2-00343,Field note: The hurricane caused a local power outage and residents need basic support. pls. along the main road. This is the current update.,MEDIUM,hurricane,0,0,0,0,15,v2_hurricane_hurricane_medium_power,controlled_synthetic_v2,V2 mixed-disaster scenario family hurricane_medium_power; label reflects contextual rescue urgency.,en,train
rpv2-00760,"Report from resident: Third-party report: I am reporting tornado news from another town, not an emergency at this location. near the market.",LOW,tornado,0,0,0,0,0,v2_tornado_tornado_low_news,controlled_synthetic_v2,V2 mixed-disaster scenario family tornado_low_news; label reflects contextual rescue urgency.,en,validation
rpv2-00880,Report from resident: Third-party report: Several people have severe burns and need immediate medical rescue. along the main road. We need the appropriate response.,CRITICAL,wildfire,1,0,1,1,6,v2_wildfire_wildfire_critical_burns,controlled_synthetic_v2,V2 mixed-disaster scenario family wildfire_critical_burns; label reflects contextual rescue urgency.,en,train
rpv2-00235,"Please help, A vehicle is surrounded by water and responders should help move the occupants safely. at the apartment block. No further details yet.",HIGH,flood,0,0,0,0,4,v2_flood_flood_high_vehicle,controlled_synthetic_v2,V2 mixed-disaster scenario family flood_high_vehicle; label reflects contextual rescue urgency.,en,test
rpv2-00504,Report from resident: Third-party report: A person is severely bleeding and needs emergency rescue now. near the school. We need the appropriate response.,CRITICAL,other,1,0,0,1,1,v2_other_other_critical_bleeding,controlled_synthetic_v2,V2 mixed-disaster scenario family other_critical_bleeding; label reflects contextual rescue urgency.,en,train
rpv2-00436,Caller says: A contained fire damaged equipment and workers need assistance. near the market. We need the appropriate response.,MEDIUM,industrial,0,0,1,0,4,v2_industrial_industrial_medium_fire,controlled_synthetic_v2,V2 mixed-disaster scenario family industrial_medium_fire; label reflects contextual rescue urgency.,en,train
rpv2-00273,A little water is on the roadside after rain; traffic is moving and everyone is safe. near the school. No further details yet.,LOW,flood,0,0,0,0,1,v2_flood_flood_low_puddle,controlled_synthetic_v2,V2 mixed-disaster scenario family flood_low_puddle; label reflects contextual rescue urgency.,en,train
rpv2-00586,SOS: A person is bleeding severely while unconscious after the attack. on the east side. We need the appropriate response.,CRITICAL,societal,1,0,0,1,1,v2_societal_societal_critical_bleeding,controlled_synthetic_v2,V2 mixed-disaster scenario family societal_critical_bleeding; label reflects contextual rescue urgency.,en,test
rpv2-00582,Need assistance — Can someone help? people are trapped inside the damaged facility and need immediate rescue. on the east side. We need the appropriate response.,CRITICAL,societal,0,1,0,0,9,v2_societal_societal_critical_trapped,controlled_synthetic_v2,V2 mixed-disaster scenario family societal_critical_trapped; label reflects contextual rescue urgency.,en,train
rpv2-00768,Report from resident: Third-party report: This is a tornado shelter drill and all participants are accounted for. near the market. Please advise.,LOW,tornado,0,0,0,0,20,v2_tornado_tornado_low_drill,controlled_synthetic_v2,V2 mixed-disaster scenario family tornado_low_drill; label reflects contextual rescue urgency.,en,train
rpv2-00581,Update: People are trapped inside the damaged facility and need immediate rescue. Please send someone. near the market. This is the current update.,CRITICAL,societal,0,1,0,0,9,v2_societal_societal_critical_trapped,controlled_synthetic_v2,V2 mixed-disaster scenario family societal_critical_trapped; label reflects contextual rescue urgency.,en,train
rpv2-00758,"Need assistance — Can someone help? i am reporting tornado news from another town, not an emergency at this location. near the school. This is the current update.",LOW,tornado,0,0,0,0,0,v2_tornado_tornado_low_news,controlled_synthetic_v2,V2 mixed-disaster scenario family tornado_low_news; label reflects contextual rescue urgency.,en,validation
rpv2-00701,Update: The tornado damaged multiple homes and residents need urgent shelter support. Please send someone. near the school. This is the current update.,HIGH,tornado,0,0,0,0,20,v2_tornado_tornado_high_homes,controlled_synthetic_v2,V2 mixed-disaster scenario family tornado_high_homes; label reflects contextual rescue urgency.,en,train
rpv2-00406,Need assistance — Can someone help? a worker is unconscious in the hazardous area and responders cannot reach them. on the east side. This is the current update.,CRITICAL,industrial,1,0,0,1,1,v2_industrial_industrial_critical_unconscious,controlled_synthetic_v2,V2 mixed-disaster scenario family industrial_critical_unconscious; label reflects contextual rescue urgency.,en,train
rpv2-00030,Need assistance — Can someone help? an outbreak is affecting many residents and urgent public-health support is needed. near the market.,HIGH,biological,0,0,0,1,50,v2_biological_biological_high_outbreak,controlled_synthetic_v2,V2 mixed-disaster scenario family biological_high_outbreak; label reflects contextual rescue urgency.,en,train
rpv2-00674,SOS: People are trapped under tornado debris while cannot escape without rescue. near the school.,CRITICAL,tornado,1,1,0,1,6,v2_tornado_tornado_critical_debris,controlled_synthetic_v2,V2 mixed-disaster scenario family tornado_critical_debris; label reflects contextual rescue urgency.,en,validation
rpv2-00847,Field note: A vehicle stopped on thee roadside; traffic is moving and no one is hurt. near the school.,LOW,transportation,0,0,0,0,1,v2_transportation_transport_low_stopped,controlled_synthetic_v2,V2 mixed-disaster scenario family transport_low_stopped; label reflects contextual rescue urgency.,en,test
